{
"meta":{"test_sets":[],"test_metrics":[],"learn_metrics":[{"best_value":"Min","name":"MultiClass"}],"launch_mode":"Train","parameters":"","iteration_count":1000,"learn_sets":["learn"],"name":"experiment"},
"iterations":[
{"learn":[2.774890898],"iteration":0,"passed_time":0.4969576718,"remaining_time":496.4607141},
{"learn":[2.406962641],"iteration":1,"passed_time":0.9912609771,"remaining_time":494.6392276},
{"learn":[2.19293584],"iteration":2,"passed_time":1.491619592,"remaining_time":495.7149111},
{"learn":[2.059769169],"iteration":3,"passed_time":1.986056293,"remaining_time":494.528017},
{"learn":[1.884074864],"iteration":4,"passed_time":2.478831167,"remaining_time":493.2874022},
{"learn":[1.766943316],"iteration":5,"passed_time":2.975211476,"remaining_time":492.8933679},
{"learn":[1.683044229],"iteration":6,"passed_time":3.475903101,"remaining_time":493.0816827},
{"learn":[1.599571216],"iteration":7,"passed_time":3.967964347,"remaining_time":492.027579},
{"learn":[1.533922896],"iteration":8,"passed_time":4.458893728,"remaining_time":490.9737427},
{"learn":[1.426514101],"iteration":9,"passed_time":4.952752448,"remaining_time":490.3224923},
{"learn":[1.379748884],"iteration":10,"passed_time":5.444036838,"remaining_time":489.468403},
{"learn":[1.279907206],"iteration":11,"passed_time":5.938378773,"remaining_time":488.9265189},
{"learn":[1.197314269],"iteration":12,"passed_time":6.42882353,"remaining_time":488.0960634},
{"learn":[1.139489323],"iteration":13,"passed_time":6.921199556,"remaining_time":487.4501973},
{"learn":[1.08531051],"iteration":14,"passed_time":7.436446772,"remaining_time":488.3266714},
{"learn":[1.057557563],"iteration":15,"passed_time":7.932172092,"remaining_time":487.8285837},
{"learn":[1.017651605],"iteration":16,"passed_time":8.433741069,"remaining_time":487.6686748},
{"learn":[0.9662865262],"iteration":17,"passed_time":8.947667046,"remaining_time":488.1449466},
{"learn":[0.9271410883],"iteration":18,"passed_time":9.440369932,"remaining_time":487.4212055},
{"learn":[0.9006794261],"iteration":19,"passed_time":9.92763629,"remaining_time":486.4541782},
{"learn":[0.8728940059],"iteration":20,"passed_time":10.41589994,"remaining_time":485.5793351},
{"learn":[0.8463584207],"iteration":21,"passed_time":10.90753431,"remaining_time":484.8894796},
{"learn":[0.8160388615],"iteration":22,"passed_time":11.46537794,"remaining_time":487.0293151},
{"learn":[0.7968522139],"iteration":23,"passed_time":12.11889339,"remaining_time":492.834998},
{"learn":[0.7796151572],"iteration":24,"passed_time":12.70506791,"remaining_time":495.4976483},
{"learn":[0.7621641328],"iteration":25,"passed_time":13.20527141,"remaining_time":494.6897826},
{"learn":[0.7435312129],"iteration":26,"passed_time":13.70181738,"remaining_time":493.7729004},
{"learn":[0.7204827569],"iteration":27,"passed_time":14.20958213,"remaining_time":493.275494},
{"learn":[0.6916166918],"iteration":28,"passed_time":14.71333219,"remaining_time":492.6429502},
{"learn":[0.6771685964],"iteration":29,"passed_time":15.21113757,"remaining_time":491.8267816},
{"learn":[0.6584395484],"iteration":30,"passed_time":15.70339438,"remaining_time":490.8577148},
{"learn":[0.6404883832],"iteration":31,"passed_time":16.20441995,"remaining_time":490.1837034},
{"learn":[0.6244507077],"iteration":32,"passed_time":16.69949216,"remaining_time":489.3457248},
{"learn":[0.6088520185],"iteration":33,"passed_time":17.19722763,"remaining_time":488.6035849},
{"learn":[0.5900342659],"iteration":34,"passed_time":17.68777625,"remaining_time":487.6772595},
{"learn":[0.5787801079],"iteration":35,"passed_time":18.18381303,"remaining_time":486.9221045},
{"learn":[0.5666792904],"iteration":36,"passed_time":18.67060938,"remaining_time":485.940455},
{"learn":[0.5553570792],"iteration":37,"passed_time":19.17828925,"remaining_time":485.5135331},
{"learn":[0.5399791261],"iteration":38,"passed_time":19.6856223,"remaining_time":485.0739239},
{"learn":[0.5311745018],"iteration":39,"passed_time":20.18941802,"remaining_time":484.5460325},
{"learn":[0.5215894777],"iteration":40,"passed_time":20.68451377,"remaining_time":483.8158221},
{"learn":[0.5108106802],"iteration":41,"passed_time":21.17907735,"remaining_time":483.084669},
{"learn":[0.5007415786],"iteration":42,"passed_time":21.66949038,"remaining_time":482.2721463},
{"learn":[0.4885105058],"iteration":43,"passed_time":22.1712777,"remaining_time":481.7213972},
{"learn":[0.4774400404],"iteration":44,"passed_time":22.66454014,"remaining_time":480.9919075},
{"learn":[0.4688732828],"iteration":45,"passed_time":23.16151235,"remaining_time":480.3496258},
{"learn":[0.4584584918],"iteration":46,"passed_time":23.6600246,"remaining_time":479.7447541},
{"learn":[0.4499912146],"iteration":47,"passed_time":24.16127078,"remaining_time":479.1985372},
{"learn":[0.4414025501],"iteration":48,"passed_time":24.64856341,"remaining_time":478.3833429},
{"learn":[0.433995807],"iteration":49,"passed_time":25.28339364,"remaining_time":480.3844792},
{"learn":[0.4272151093],"iteration":50,"passed_time":25.91185729,"remaining_time":482.1637759},
{"learn":[0.4208558765],"iteration":51,"passed_time":26.42198166,"remaining_time":481.6930503},
{"learn":[0.4150862923],"iteration":52,"passed_time":26.91887084,"remaining_time":480.9843526},
{"learn":[0.4092633821],"iteration":53,"passed_time":27.41367251,"remaining_time":480.2469296},
{"learn":[0.4038859287],"iteration":54,"passed_time":27.91353031,"remaining_time":479.6052027},
{"learn":[0.3989897898],"iteration":55,"passed_time":28.40863208,"remaining_time":478.8883694},
{"learn":[0.3945562157],"iteration":56,"passed_time":28.89850599,"remaining_time":478.0928272},
{"learn":[0.3894883371],"iteration":57,"passed_time":29.39350251,"remaining_time":477.3910236},
{"learn":[0.3850643362],"iteration":58,"passed_time":29.89028183,"remaining_time":476.7246645},
{"learn":[0.3800198799],"iteration":59,"passed_time":30.40787425,"remaining_time":476.39003},
{"learn":[0.3763171225],"iteration":60,"passed_time":30.90547558,"remaining_time":475.7416651},
{"learn":[0.3722049142],"iteration":61,"passed_time":31.39635987,"remaining_time":474.9965412},
{"learn":[0.3680260143],"iteration":62,"passed_time":31.88738037,"remaining_time":474.2615143},
{"learn":[0.3639962239],"iteration":63,"passed_time":32.3786337,"remaining_time":473.5375178},
{"learn":[0.3604020259],"iteration":64,"passed_time":32.87474533,"remaining_time":472.8905674},
{"learn":[0.3569308146],"iteration":65,"passed_time":33.37320625,"remaining_time":472.2814339},
{"learn":[0.3527352134],"iteration":66,"passed_time":33.87704737,"remaining_time":471.7505253},
{"learn":[0.3493667771],"iteration":67,"passed_time":34.37364227,"remaining_time":471.121097},
{"learn":[0.3468959161],"iteration":68,"passed_time":34.87509361,"remaining_time":470.5610457},
{"learn":[0.3424828474],"iteration":69,"passed_time":35.38535928,"remaining_time":470.1197733},
{"learn":[0.3392058299],"iteration":70,"passed_time":35.89476252,"remaining_time":469.665273},
{"learn":[0.3353074409],"iteration":71,"passed_time":36.39295375,"remaining_time":469.0647373},
{"learn":[0.3322217252],"iteration":72,"passed_time":36.89118098,"remaining_time":468.4674625},
{"learn":[0.3298882008],"iteration":73,"passed_time":37.38768766,"remaining_time":467.8513348},
{"learn":[0.3271499034],"iteration":74,"passed_time":37.88615711,"remaining_time":467.2626043},
{"learn":[0.3254851344],"iteration":75,"passed_time":38.38089903,"remaining_time":466.6309303},
{"learn":[0.3228683294],"iteration":76,"passed_time":38.87525306,"remaining_time":465.9981633},
{"learn":[0.3201581073],"iteration":77,"passed_time":39.37287725,"remaining_time":465.4076004},
{"learn":[0.3183225934],"iteration":78,"passed_time":39.86524281,"remaining_time":464.7580839},
{"learn":[0.3157616191],"iteration":79,"passed_time":40.36011448,"remaining_time":464.1413165},
{"learn":[0.3131427367],"iteration":80,"passed_time":40.85648044,"remaining_time":463.5445126},
{"learn":[0.3108172757],"iteration":81,"passed_time":41.37905929,"remaining_time":463.243615},
{"learn":[0.3089001075],"iteration":82,"passed_time":41.89608204,"remaining_time":462.8759908},
{"learn":[0.3060847612],"iteration":83,"passed_time":42.39060418,"remaining_time":462.2594456},
{"learn":[0.3038979945],"iteration":84,"passed_time":42.94617123,"remaining_time":462.302902},
{"learn":[0.3014009841],"iteration":85,"passed_time":43.5757544,"remaining_time":463.1190642},
{"learn":[0.299769832],"iteration":86,"passed_time":44.20275329,"remaining_time":463.8748707},
{"learn":[0.2978211824],"iteration":87,"passed_time":44.70904108,"remaining_time":463.3482439},
{"learn":[0.2955557769],"iteration":88,"passed_time":45.21156791,"remaining_time":462.7835771},
{"learn":[0.2938608074],"iteration":89,"passed_time":45.71768672,"remaining_time":462.2566102},
{"learn":[0.2919276911],"iteration":90,"passed_time":46.21929966,"remaining_time":461.6850922},
{"learn":[0.2904822014],"iteration":91,"passed_time":46.71297497,"remaining_time":461.036753},
{"learn":[0.2892050713],"iteration":92,"passed_time":47.20381371,"remaining_time":460.3640757},
{"learn":[0.2871710187],"iteration":93,"passed_time":47.69666951,"remaining_time":459.7147083},
{"learn":[0.2858627662],"iteration":94,"passed_time":48.19270772,"remaining_time":459.0989524},
{"learn":[0.2851513832],"iteration":95,"passed_time":48.68779503,"remaining_time":458.4767365},
{"learn":[0.2837920655],"iteration":96,"passed_time":49.18475522,"remaining_time":457.8745769},
{"learn":[0.2820284082],"iteration":97,"passed_time":49.68317885,"remaining_time":457.2880339},
{"learn":[0.2800975734],"iteration":98,"passed_time":50.18200724,"remaining_time":456.7069548},
{"learn":[0.2787147016],"iteration":99,"passed_time":50.67754343,"remaining_time":456.0978909},
{"learn":[0.277737564],"iteration":100,"passed_time":51.17515825,"remaining_time":455.5095769},
{"learn":[0.2761634903],"iteration":101,"passed_time":51.66591449,"remaining_time":454.862659},
{"learn":[0.2752500441],"iteration":102,"passed_time":52.16801659,"remaining_time":454.3175814},
{"learn":[0.273856601],"iteration":103,"passed_time":52.68086152,"remaining_time":453.8658839},
{"learn":[0.2722039892],"iteration":104,"passed_time":53.18725661,"remaining_time":453.3580444},
{"learn":[0.2705703931],"iteration":105,"passed_time":53.69236023,"remaining_time":452.8393401},
{"learn":[0.2692978818],"iteration":106,"passed_time":54.18408362,"remaining_time":452.2092212},
{"learn":[0.2682102316],"iteration":107,"passed_time":54.68645025,"remaining_time":451.6695706},
{"learn":[0.2667142845],"iteration":108,"passed_time":55.1802301,"remaining_time":451.060413},
{"learn":[0.2654476271],"iteration":109,"passed_time":55.67587643,"remaining_time":450.4684547},
{"learn":[0.2638938879],"iteration":110,"passed_time":56.18171301,"remaining_time":449.9598456},
{"learn":[0.2632510468],"iteration":111,"passed_time":56.72567034,"remaining_time":449.7535291},
{"learn":[0.2624733246],"iteration":112,"passed_time":57.35415846,"remaining_time":450.204766},
{"learn":[0.2613707743],"iteration":113,"passed_time":57.95474062,"remaining_time":450.4201771},
{"learn":[0.2608996598],"iteration":114,"passed_time":58.45047196,"remaining_time":449.8145016},
{"learn":[0.2597733921],"iteration":115,"passed_time":58.94477726,"remaining_time":449.1998543},
{"learn":[0.258279865],"iteration":116,"passed_time":59.444503,"remaining_time":448.6281722},
{"learn":[0.257101344],"iteration":117,"passed_time":59.93967314,"remaining_time":448.0236585},
{"learn":[0.2560340204],"iteration":118,"passed_time":60.44807906,"remaining_time":447.5189719},
{"learn":[0.2541017883],"iteration":119,"passed_time":60.93909023,"remaining_time":446.8866617},
{"learn":[0.2528470836],"iteration":120,"passed_time":61.44127772,"remaining_time":446.337877},
{"learn":[0.2517392601],"iteration":121,"passed_time":61.93255388,"remaining_time":445.7113304},
{"learn":[0.2505924896],"iteration":122,"passed_time":62.43517681,"remaining_time":445.1678867},
{"learn":[0.2498290016],"iteration":123,"passed_time":62.942966,"remaining_time":444.6615985},
{"learn":[0.2488451347],"iteration":124,"passed_time":63.47219959,"remaining_time":444.3053971},
{"learn":[0.2479354469],"iteration":125,"passed_time":63.99378925,"remaining_time":443.893427},
{"learn":[0.2468842514],"iteration":126,"passed_time":64.5025693,"remaining_time":443.3916772},
{"learn":[0.2457718909],"iteration":127,"passed_time":65.00610771,"remaining_time":442.8541088},
{"learn":[0.2452090869],"iteration":128,"passed_time":65.5134573,"remaining_time":442.3428009},
{"learn":[0.2442835794],"iteration":129,"passed_time":66.02051832,"remaining_time":441.8296226},
{"learn":[0.2433285852],"iteration":130,"passed_time":66.52722636,"remaining_time":441.3141962},
{"learn":[0.2422719931],"iteration":131,"passed_time":67.03695615,"remaining_time":440.8187723},
{"learn":[0.2413723255],"iteration":132,"passed_time":67.54064209,"remaining_time":440.2837345},
{"learn":[0.2405010917],"iteration":133,"passed_time":68.05352147,"remaining_time":439.8085791},
{"learn":[0.2392252706],"iteration":134,"passed_time":68.56212629,"remaining_time":439.3054758},
{"learn":[0.2387383224],"iteration":135,"passed_time":69.07116522,"remaining_time":438.8050496},
{"learn":[0.2379360428],"iteration":136,"passed_time":69.57775961,"remaining_time":438.2890988},
{"learn":[0.2367213174],"iteration":137,"passed_time":70.07866123,"remaining_time":437.7377245},
{"learn":[0.2356958344],"iteration":138,"passed_time":70.58072651,"remaining_time":437.1942844},
{"learn":[0.2352674621],"iteration":139,"passed_time":71.0800218,"remaining_time":436.6344196},
{"learn":[0.2345440172],"iteration":140,"passed_time":71.58739235,"remaining_time":436.1246101},
{"learn":[0.233778757],"iteration":141,"passed_time":72.08536742,"remaining_time":435.5580651},
{"learn":[0.2329650884],"iteration":142,"passed_time":72.58429991,"remaining_time":434.9982169},
{"learn":[0.2324142896],"iteration":143,"passed_time":73.07738685,"remaining_time":434.4044663},
{"learn":[0.2315038829],"iteration":144,"passed_time":73.5722898,"remaining_time":433.8228123},
{"learn":[0.2308258599],"iteration":145,"passed_time":74.07990226,"remaining_time":433.3166886},
{"learn":[0.2301385504],"iteration":146,"passed_time":74.67039918,"remaining_time":433.2915},
{"learn":[0.229302627],"iteration":147,"passed_time":75.30565673,"remaining_time":433.5163482},
{"learn":[0.2284507735],"iteration":148,"passed_time":75.88037215,"remaining_time":433.3838705},
{"learn":[0.2276287146],"iteration":149,"passed_time":76.37180855,"remaining_time":432.7735818},
{"learn":[0.2267698861],"iteration":150,"passed_time":76.86764914,"remaining_time":432.1896299},
{"learn":[0.2257409077],"iteration":151,"passed_time":77.36668089,"remaining_time":431.6246408},
{"learn":[0.2249403828],"iteration":152,"passed_time":77.86213175,"remaining_time":431.0406901},
{"learn":[0.2241631686],"iteration":153,"passed_time":78.35782324,"remaining_time":430.4592108},
{"learn":[0.2234205106],"iteration":154,"passed_time":78.85139221,"remaining_time":429.8672672},
{"learn":[0.2227151709],"iteration":155,"passed_time":79.34619925,"remaining_time":429.2832831},
{"learn":[0.222036694],"iteration":156,"passed_time":79.84168724,"remaining_time":428.7040913},
{"learn":[0.2211916412],"iteration":157,"passed_time":80.3387162,"remaining_time":428.1341711},
{"learn":[0.220376261],"iteration":158,"passed_time":80.83539717,"remaining_time":427.5633272},
{"learn":[0.2197029684],"iteration":159,"passed_time":81.33312978,"remaining_time":426.9989314},
{"learn":[0.2187899879],"iteration":160,"passed_time":81.8281882,"remaining_time":426.4214279},
{"learn":[0.2179374296],"iteration":161,"passed_time":82.32460027,"remaining_time":425.8519446},
{"learn":[0.2174128531],"iteration":162,"passed_time":82.82080234,"remaining_time":425.2822795},
{"learn":[0.2165743663],"iteration":163,"passed_time":83.32657025,"remaining_time":424.7622727},
{"learn":[0.2155534103],"iteration":164,"passed_time":83.82792383,"remaining_time":424.2200994},
{"learn":[0.2147293567],"iteration":165,"passed_time":84.32070251,"remaining_time":423.6353367},
{"learn":[0.214230652],"iteration":166,"passed_time":84.81775185,"remaining_time":423.0729778},
{"learn":[0.2134731029],"iteration":167,"passed_time":85.33063153,"remaining_time":422.5897943},
{"learn":[0.2127226001],"iteration":168,"passed_time":85.83412308,"remaining_time":422.0600963},
{"learn":[0.2122617575],"iteration":169,"passed_time":86.32839995,"remaining_time":421.4857174},
{"learn":[0.2115032126],"iteration":170,"passed_time":86.82781559,"remaining_time":420.9371879},
{"learn":[0.2111170426],"iteration":171,"passed_time":87.32273253,"remaining_time":420.3675729},
{"learn":[0.210606821],"iteration":172,"passed_time":87.81503789,"remaining_time":419.7863372},
{"learn":[0.2100929971],"iteration":173,"passed_time":88.30423248,"remaining_time":419.1913565},
{"learn":[0.2093150003],"iteration":174,"passed_time":88.92252447,"remaining_time":419.2061868},
{"learn":[0.2086639481],"iteration":175,"passed_time":89.57130605,"remaining_time":419.3565692},
{"learn":[0.2081702063],"iteration":176,"passed_time":90.08019771,"remaining_time":418.847473},
{"learn":[0.2072547778],"iteration":177,"passed_time":90.57098077,"remaining_time":418.2547539},
{"learn":[0.2067569921],"iteration":178,"passed_time":91.06447144,"remaining_time":417.6755925},
{"learn":[0.2060240844],"iteration":179,"passed_time":91.55927378,"remaining_time":417.1033583},
{"learn":[0.205422272],"iteration":180,"passed_time":92.05530206,"remaining_time":416.537527},
{"learn":[0.2046698687],"iteration":181,"passed_time":92.55657287,"remaining_time":415.9960253},
{"learn":[0.2042630883],"iteration":182,"passed_time":93.05468966,"remaining_time":415.4408822},
{"learn":[0.2037937955],"iteration":183,"passed_time":93.53986957,"remaining_time":414.8289868},
{"learn":[0.2031331073],"iteration":184,"passed_time":94.02864622,"remaining_time":414.2343063},
{"learn":[0.2026522715],"iteration":185,"passed_time":94.52275992,"remaining_time":413.6641214},
{"learn":[0.2018770671],"iteration":186,"passed_time":95.01462048,"remaining_time":413.0849543},
{"learn":[0.2010325122],"iteration":187,"passed_time":95.51990712,"remaining_time":412.5647052},
{"learn":[0.2004109599],"iteration":188,"passed_time":96.02032984,"remaining_time":412.0237434},
{"learn":[0.1997186868],"iteration":189,"passed_time":96.5450002,"remaining_time":411.5865798},
{"learn":[0.1992561794],"iteration":190,"passed_time":97.02933728,"remaining_time":410.9776642},
{"learn":[0.1988309793],"iteration":191,"passed_time":97.52597206,"remaining_time":410.4217991},
{"learn":[0.1983987651],"iteration":192,"passed_time":98.02715472,"remaining_time":409.885564},
{"learn":[0.1974857082],"iteration":193,"passed_time":98.52574743,"remaining_time":409.33893},
{"learn":[0.196810086],"iteration":194,"passed_time":99.02302464,"remaining_time":408.7873581},
{"learn":[0.1962576918],"iteration":195,"passed_time":99.52271115,"remaining_time":408.2462233},
{"learn":[0.1955972373],"iteration":196,"passed_time":100.0182967,"remaining_time":407.6887931},
{"learn":[0.1952386557],"iteration":197,"passed_time":100.510204,"remaining_time":407.117089},
{"learn":[0.1947823404],"iteration":198,"passed_time":101.0078064,"remaining_time":406.56911},
{"learn":[0.1942179035],"iteration":199,"passed_time":101.5037208,"remaining_time":406.0148832},
{"learn":[0.1935957501],"iteration":200,"passed_time":102.005067,"remaining_time":405.4828287},
{"learn":[0.1931321714],"iteration":201,"passed_time":102.4952115,"remaining_time":404.9068255},
{"learn":[0.1924569412],"iteration":202,"passed_time":102.9947527,"remaining_time":404.368561},
{"learn":[0.1918977109],"iteration":203,"passed_time":103.4914415,"remaining_time":403.8195461},
{"learn":[0.1916271492],"iteration":204,"passed_time":104.0014431,"remaining_time":403.3226696},
{"learn":[0.1909533458],"iteration":205,"passed_time":104.5064097,"remaining_time":402.8062589},
{"learn":[0.19041945],"iteration":206,"passed_time":105.0108267,"remaining_time":402.287853},
{"learn":[0.1900995882],"iteration":207,"passed_time":105.5061761,"remaining_time":401.7350551},
{"learn":[0.1897010082],"iteration":208,"passed_time":106.0575015,"remaining_time":401.3946587},
{"learn":[0.1891460722],"iteration":209,"passed_time":106.6866581,"remaining_time":401.3450473},
{"learn":[0.1887546139],"iteration":210,"passed_time":107.3361474,"remaining_time":401.3659728},
{"learn":[0.1881017866],"iteration":211,"passed_time":107.8422331,"remaining_time":400.8475458},
{"learn":[0.1875877977],"iteration":212,"passed_time":108.3334167,"remaining_time":400.2741733},
{"learn":[0.1869980958],"iteration":213,"passed_time":108.8334618,"remaining_time":399.7341167},
{"learn":[0.1864092059],"iteration":214,"passed_time":109.3191723,"remaining_time":399.1420944},
{"learn":[0.185878331],"iteration":215,"passed_time":109.8123458,"remaining_time":398.5781441},
{"learn":[0.1853801938],"iteration":216,"passed_time":110.3056738,"remaining_time":398.0154035},
{"learn":[0.1850948425],"iteration":217,"passed_time":110.8036853,"remaining_time":397.4701006},
{"learn":[0.1848452646],"iteration":218,"passed_time":111.3013516,"remaining_time":396.9239982},
{"learn":[0.1844307266],"iteration":219,"passed_time":111.796138,"remaining_time":396.3681256},
{"learn":[0.1837726319],"iteration":220,"passed_time":112.291769,"remaining_time":395.8157831},
{"learn":[0.1832870961],"iteration":221,"passed_time":112.7844189,"remaining_time":395.2535041},
{"learn":[0.1829395227],"iteration":222,"passed_time":113.2749749,"remaining_time":394.6845537},
{"learn":[0.1824302475],"iteration":223,"passed_time":113.7741353,"remaining_time":394.1461115},
{"learn":[0.1820679409],"iteration":224,"passed_time":114.2662773,"remaining_time":393.5838439},
{"learn":[0.1817936572],"iteration":225,"passed_time":114.7605715,"remaining_time":393.0295678},
{"learn":[0.1814285428],"iteration":226,"passed_time":115.258463,"remaining_time":392.4880701},
{"learn":[0.1810890836],"iteration":227,"passed_time":115.7554513,"remaining_time":391.9438966},
{"learn":[0.1805613396],"iteration":228,"passed_time":116.2532256,"remaining_time":391.4027813},
{"learn":[0.1801218803],"iteration":229,"passed_time":116.7452113,"remaining_time":390.8426638},
{"learn":[0.1798219235],"iteration":230,"passed_time":117.240344,"remaining_time":390.2936127},
{"learn":[0.1791354567],"iteration":231,"passed_time":117.7382995,"remaining_time":389.7543707},
{"learn":[0.1785566634],"iteration":232,"passed_time":118.2575017,"remaining_time":389.2854241},
{"learn":[0.1780466864],"iteration":233,"passed_time":118.7743027,"remaining_time":388.8081873},
{"learn":[0.1776204309],"iteration":234,"passed_time":119.2663504,"remaining_time":388.2500342},
{"learn":[0.177134909],"iteration":235,"passed_time":119.7679614,"remaining_time":387.7234005},
{"learn":[0.1767997434],"iteration":236,"passed_time":120.3035988,"remaining_time":387.3065229},
{"learn":[0.1764744891],"iteration":237,"passed_time":120.9366707,"remaining_time":387.2006012},
{"learn":[0.17622197],"iteration":238,"passed_time":121.5424079,"remaining_time":387.0032319},
{"learn":[0.1759154707],"iteration":239,"passed_time":122.0408315,"remaining_time":386.4626329},
{"learn":[0.1754059472],"iteration":240,"passed_time":122.5312913,"remaining_time":385.8973032},
{"learn":[0.1750112444],"iteration":241,"passed_time":123.0350194,"remaining_time":385.3741517},
{"learn":[0.1746380945],"iteration":242,"passed_time":123.5338981,"remaining_time":384.8360529},
{"learn":[0.1743562906],"iteration":243,"passed_time":124.0359958,"remaining_time":384.3082492},
{"learn":[0.1739893164],"iteration":244,"passed_time":124.5310137,"remaining_time":383.7588381},
{"learn":[0.1736904795],"iteration":245,"passed_time":125.0218202,"remaining_time":383.1969609},
{"learn":[0.1732833632],"iteration":246,"passed_time":125.5169192,"remaining_time":382.6487455},
{"learn":[0.1728065625],"iteration":247,"passed_time":126.011694,"remaining_time":382.0999752},
{"learn":[0.1723329205],"iteration":248,"passed_time":126.5077683,"remaining_time":381.5555582},
{"learn":[0.1718226053],"iteration":249,"passed_time":127.011798,"remaining_time":381.0353941},
{"learn":[0.1714855264],"iteration":250,"passed_time":127.5091556,"remaining_time":380.4954483},
{"learn":[0.1711661285],"iteration":251,"passed_time":128.0094002,"remaining_time":379.9644103},
{"learn":[0.1706490425],"iteration":252,"passed_time":128.5065222,"remaining_time":379.4243955},
{"learn":[0.1701013171],"iteration":253,"passed_time":129.0165644,"remaining_time":378.9226656},
{"learn":[0.1696754784],"iteration":254,"passed_time":129.5378939,"remaining_time":378.4538468},
{"learn":[0.1692401855],"iteration":255,"passed_time":130.0419717,"remaining_time":377.9344802},
{"learn":[0.1688317205],"iteration":256,"passed_time":130.5271499,"remaining_time":377.3605928},
{"learn":[0.1684942615],"iteration":257,"passed_time":131.0262353,"remaining_time":376.82739},
{"learn":[0.1679655181],"iteration":258,"passed_time":131.5289378,"remaining_time":376.3047988},
{"learn":[0.1676549158],"iteration":259,"passed_time":132.0212833,"remaining_time":375.7528832},
{"learn":[0.1672652879],"iteration":260,"passed_time":132.5261269,"remaining_time":375.2368113},
{"learn":[0.1669137243],"iteration":261,"passed_time":133.0191504,"remaining_time":374.6875306},
{"learn":[0.1666498542],"iteration":262,"passed_time":133.5165673,"remaining_time":374.1509889},
{"learn":[0.1663929022],"iteration":263,"passed_time":134.0152249,"remaining_time":373.6182029},
{"learn":[0.166042708],"iteration":264,"passed_time":134.5099154,"remaining_time":373.0746709},
{"learn":[0.1658090103],"iteration":265,"passed_time":135.0110873,"remaining_time":372.5493913},
{"learn":[0.1655434247],"iteration":266,"passed_time":135.5132835,"remaining_time":372.0271043},
{"learn":[0.165213693],"iteration":267,"passed_time":136.0107562,"remaining_time":371.4920654},
{"learn":[0.1648848224],"iteration":268,"passed_time":136.5110096,"remaining_time":370.9648625},
{"learn":[0.1644465806],"iteration":269,"passed_time":137.00048,"remaining_time":370.4087051},
{"learn":[0.1642202302],"iteration":270,"passed_time":137.4853883,"remaining_time":369.8407677},
{"learn":[0.1638459267],"iteration":271,"passed_time":138.059025,"remaining_time":369.51092},
{"learn":[0.163612005],"iteration":272,"passed_time":138.7167049,"remaining_time":369.4030932},
{"learn":[0.1632680347],"iteration":273,"passed_time":139.28331,"remaining_time":369.0499382},
{"learn":[0.1629285561],"iteration":274,"passed_time":139.7807566,"remaining_time":368.5129037},
{"learn":[0.1626501871],"iteration":275,"passed_time":140.2890709,"remaining_time":368.0046641},
{"learn":[0.1624186933],"iteration":276,"passed_time":140.7938478,"remaining_time":367.4871911},
{"learn":[0.1621023757],"iteration":277,"passed_time":141.2870882,"remaining_time":366.9398477},
{"learn":[0.1618067697],"iteration":278,"passed_time":141.7802204,"remaining_time":366.3926125},
{"learn":[0.1613818053],"iteration":279,"passed_time":142.2786609,"remaining_time":365.8594137},
{"learn":[0.1610346302],"iteration":280,"passed_time":142.7772508,"remaining_time":365.3268446},
{"learn":[0.1606017032],"iteration":281,"passed_time":143.286181,"remaining_time":364.8208438},
{"learn":[0.1601355592],"iteration":282,"passed_time":143.7931345,"remaining_time":364.3098142},
{"learn":[0.1598262435],"iteration":283,"passed_time":144.2871308,"remaining_time":363.7661466},
{"learn":[0.15962927],"iteration":284,"passed_time":144.7789974,"remaining_time":363.2174846},
{"learn":[0.1593600767],"iteration":285,"passed_time":145.2698086,"remaining_time":362.666585},
{"learn":[0.159123924],"iteration":286,"passed_time":145.7729352,"remaining_time":362.1466996},
{"learn":[0.1589668433],"iteration":287,"passed_time":146.273001,"remaining_time":361.6193635},
{"learn":[0.1585847135],"iteration":288,"passed_time":146.7688036,"remaining_time":361.0817279},
{"learn":[0.1583106006],"iteration":289,"passed_time":147.2662561,"remaining_time":360.5484202},
{"learn":[0.1580056416],"iteration":290,"passed_time":147.767123,"remaining_time":360.0236777},
{"learn":[0.1577683413],"iteration":291,"passed_time":148.266223,"remaining_time":359.4948146},
{"learn":[0.1575691588],"iteration":292,"passed_time":148.7672608,"remaining_time":358.9708307},
{"learn":[0.1572284107],"iteration":293,"passed_time":149.2591883,"remaining_time":358.4251258},
{"learn":[0.1570022487],"iteration":294,"passed_time":149.7572538,"remaining_time":357.894454},
{"learn":[0.1568674423],"iteration":295,"passed_time":150.2474376,"remaining_time":357.345257},
{"learn":[0.1566348995],"iteration":296,"passed_time":150.7421747,"remaining_time":356.8072351},
{"learn":[0.1564225243],"iteration":297,"passed_time":151.258432,"remaining_time":356.3201988},
{"learn":[0.15615149],"iteration":298,"passed_time":151.7748986,"remaining_time":355.8334578},
{"learn":[0.1559098963],"iteration":299,"passed_time":152.3632152,"remaining_time":355.5141689},
{"learn":[0.1555979889],"iteration":300,"passed_time":152.9977839,"remaining_time":355.3005015},
{"learn":[0.1553730673],"iteration":301,"passed_time":153.5524696,"remaining_time":354.8994165},
{"learn":[0.1551295271],"iteration":302,"passed_time":154.0503647,"remaining_time":354.3666806},
{"learn":[0.154835789],"iteration":303,"passed_time":154.549123,"remaining_time":353.8361501},
{"learn":[0.1544213365],"iteration":304,"passed_time":155.050806,"remaining_time":353.3124924},
{"learn":[0.1540896212],"iteration":305,"passed_time":155.5474405,"remaining_time":352.7775284},
{"learn":[0.1537680979],"iteration":306,"passed_time":156.0412327,"remaining_time":352.2363983},
{"learn":[0.1534937964],"iteration":307,"passed_time":156.5350247,"remaining_time":351.695575},
{"learn":[0.1532602706],"iteration":308,"passed_time":157.0319437,"remaining_time":351.1620488},
{"learn":[0.1529037445],"iteration":309,"passed_time":157.5281541,"remaining_time":350.6271817},
{"learn":[0.1525826393],"iteration":310,"passed_time":158.0299767,"remaining_time":350.1049966},
{"learn":[0.1523788093],"iteration":311,"passed_time":158.5257241,"remaining_time":349.5695455},
{"learn":[0.1522004885],"iteration":312,"passed_time":159.0209449,"remaining_time":349.0331921},
{"learn":[0.1519416483],"iteration":313,"passed_time":159.5241582,"remaining_time":348.5145623},
{"learn":[0.1516383396],"iteration":314,"passed_time":160.0153926,"remaining_time":347.9699808},
{"learn":[0.1513374188],"iteration":315,"passed_time":160.509148,"remaining_time":347.4311939},
{"learn":[0.151059298],"iteration":316,"passed_time":161.0071251,"remaining_time":346.9017869},
{"learn":[0.1508517761],"iteration":317,"passed_time":161.5041007,"remaining_time":346.3704298},
{"learn":[0.1506362011],"iteration":318,"passed_time":162.0044402,"remaining_time":345.8464694},
{"learn":[0.1503605288],"iteration":319,"passed_time":162.5168349,"remaining_time":345.3482742},
{"learn":[0.1500416231],"iteration":320,"passed_time":163.0238636,"remaining_time":344.8386399},
{"learn":[0.1498305527],"iteration":321,"passed_time":163.5187488,"remaining_time":344.3034525},
{"learn":[0.1496498052],"iteration":322,"passed_time":164.0204463,"remaining_time":343.7827929},
{"learn":[0.1493056904],"iteration":323,"passed_time":164.5239532,"remaining_time":343.2660259},
{"learn":[0.1490000908],"iteration":324,"passed_time":165.0260743,"remaining_time":342.7464621},
{"learn":[0.148797384],"iteration":325,"passed_time":165.527953,"remaining_time":342.2265041},
{"learn":[0.1486121807],"iteration":326,"passed_time":166.0320929,"remaining_time":341.7113106},
{"learn":[0.1482586642],"iteration":327,"passed_time":166.5314202,"remaining_time":341.1863243},
{"learn":[0.1479747088],"iteration":328,"passed_time":167.024709,"remaining_time":340.6491785},
{"learn":[0.1477360493],"iteration":329,"passed_time":167.522201,"remaining_time":340.1208324},
{"learn":[0.1474614977],"iteration":330,"passed_time":168.0172365,"remaining_time":339.5877076},
{"learn":[0.1471821799],"iteration":331,"passed_time":168.5206726,"remaining_time":339.0717147},
{"learn":[0.1468782219],"iteration":332,"passed_time":169.0181861,"remaining_time":338.5439344},
{"learn":[0.146607867],"iteration":333,"passed_time":169.5927331,"remaining_time":338.1699409},
{"learn":[0.1463668345],"iteration":334,"passed_time":170.2200929,"remaining_time":337.8995874},
{"learn":[0.1460357369],"iteration":335,"passed_time":170.7974446,"remaining_time":337.5282834},
{"learn":[0.1458756703],"iteration":336,"passed_time":171.2905283,"remaining_time":336.9899711},
{"learn":[0.1456582106],"iteration":337,"passed_time":171.7881507,"remaining_time":336.4608159},
{"learn":[0.1453823877],"iteration":338,"passed_time":172.2826795,"remaining_time":335.9258147},
{"learn":[0.1451426013],"iteration":339,"passed_time":172.780656,"remaining_time":335.3977439},
{"learn":[0.1449258618],"iteration":340,"passed_time":173.2882518,"remaining_time":334.8884398},
{"learn":[0.1447263228],"iteration":341,"passed_time":173.8017383,"remaining_time":334.3904789},
{"learn":[0.1443745849],"iteration":342,"passed_time":174.2932197,"remaining_time":333.8502779},
{"learn":[0.1441232504],"iteration":343,"passed_time":174.7811471,"remaining_time":333.3035828},
{"learn":[0.1438809512],"iteration":344,"passed_time":175.2801119,"remaining_time":332.7781835},
{"learn":[0.1436899597],"iteration":345,"passed_time":175.7750914,"remaining_time":332.2454039},
{"learn":[0.143444011],"iteration":346,"passed_time":176.2785264,"remaining_time":331.7287543},
{"learn":[0.1430631802],"iteration":347,"passed_time":176.7711617,"remaining_time":331.1919466},
{"learn":[0.1427896864],"iteration":348,"passed_time":177.2679067,"remaining_time":330.663058},
{"learn":[0.1426351559],"iteration":349,"passed_time":177.7648575,"remaining_time":330.1347354},
{"learn":[0.1424646414],"iteration":350,"passed_time":178.2736855,"remaining_time":329.6285523},
{"learn":[0.1421584214],"iteration":351,"passed_time":178.7644043,"remaining_time":329.0890169},
{"learn":[0.1418881953],"iteration":352,"passed_time":179.2591346,"remaining_time":328.5571108},
{"learn":[0.1417604846],"iteration":353,"passed_time":179.7676642,"remaining_time":328.0505962},
{"learn":[0.1414211233],"iteration":354,"passed_time":180.2641769,"remaining_time":327.5222369},
{"learn":[0.1412408617],"iteration":355,"passed_time":180.7662401,"remaining_time":327.0040973},
{"learn":[0.1411026326],"iteration":356,"passed_time":181.2628743,"remaining_time":326.4762695},
{"learn":[0.1409970505],"iteration":357,"passed_time":181.7545371,"remaining_time":325.9397006},
{"learn":[0.1407477369],"iteration":358,"passed_time":182.2478192,"remaining_time":325.4062732},
{"learn":[0.1404823629],"iteration":359,"passed_time":182.7456612,"remaining_time":324.8811755},
{"learn":[0.1402045145],"iteration":360,"passed_time":183.2467379,"remaining_time":324.3619544},
{"learn":[0.1399431688],"iteration":361,"passed_time":183.753186,"remaining_time":323.8523002},
{"learn":[0.1397509319],"iteration":362,"passed_time":184.4021918,"remaining_time":323.5928269},
{"learn":[0.1395744234],"iteration":363,"passed_time":185.0577818,"remaining_time":323.3427177},
{"learn":[0.1394670671],"iteration":364,"passed_time":185.5687574,"remaining_time":322.8387971},
{"learn":[0.1392778849],"iteration":365,"passed_time":186.0533421,"remaining_time":322.2891226},
{"learn":[0.1391249581],"iteration":366,"passed_time":186.5425212,"remaining_time":321.7477273},
{"learn":[0.1388559819],"iteration":367,"passed_time":187.0511285,"remaining_time":321.2399815},
{"learn":[0.1386907646],"iteration":368,"passed_time":187.5489226,"remaining_time":320.7137403},
{"learn":[0.1385012115],"iteration":369,"passed_time":188.0470558,"remaining_time":320.1882302},
{"learn":[0.1382066004],"iteration":370,"passed_time":188.5521585,"remaining_time":319.6746838},
{"learn":[0.1379252168],"iteration":371,"passed_time":189.0501401,"remaining_time":319.1491613},
{"learn":[0.1376104242],"iteration":372,"passed_time":189.5451542,"remaining_time":318.6187981},
{"learn":[0.137414214],"iteration":373,"passed_time":190.0433768,"remaining_time":318.0939944},
{"learn":[0.1372147096],"iteration":374,"passed_time":190.5421407,"remaining_time":317.5702344},
{"learn":[0.136991452],"iteration":375,"passed_time":191.0449111,"remaining_time":317.0532567},
{"learn":[0.1365501286],"iteration":376,"passed_time":191.5436253,"remaining_time":316.5296513},
{"learn":[0.1362644198],"iteration":377,"passed_time":192.0422375,"remaining_time":316.0060098},
{"learn":[0.1359830901],"iteration":378,"passed_time":192.5338015,"remaining_time":315.4709519},
{"learn":[0.13578992],"iteration":379,"passed_time":193.0264431,"remaining_time":314.9378809},
{"learn":[0.1355702976],"iteration":380,"passed_time":193.5164114,"remaining_time":314.4006789},
{"learn":[0.1353631788],"iteration":381,"passed_time":194.0241002,"remaining_time":313.8923925},
{"learn":[0.1351578467],"iteration":382,"passed_time":194.520236,"remaining_time":313.3654977},
{"learn":[0.1349447189],"iteration":383,"passed_time":195.0326147,"remaining_time":312.8648195},
{"learn":[0.1346841576],"iteration":384,"passed_time":195.5480961,"remaining_time":312.3690366},
{"learn":[0.1344542493],"iteration":385,"passed_time":196.0449902,"remaining_time":311.8435855},
{"learn":[0.1342472771],"iteration":386,"passed_time":196.5418445,"remaining_time":311.3182187},
{"learn":[0.1340445723],"iteration":387,"passed_time":197.0418363,"remaining_time":310.797948},
{"learn":[0.133758064],"iteration":388,"passed_time":197.5467569,"remaining_time":310.2855231},
{"learn":[0.133608612],"iteration":389,"passed_time":198.033214,"remaining_time":309.7442578},
{"learn":[0.1332509866],"iteration":390,"passed_time":198.5390344,"remaining_time":309.2334321},
{"learn":[0.1330855275],"iteration":391,"passed_time":199.0283018,"remaining_time":308.696958},
{"learn":[0.1329880239],"iteration":392,"passed_time":199.5219918,"remaining_time":308.1675548},
{"learn":[0.132800029],"iteration":393,"passed_time":200.0133857,"remaining_time":307.6348014},
{"learn":[0.132596303],"iteration":394,"passed_time":200.5129539,"remaining_time":307.1147775},
{"learn":[0.1322317408],"iteration":395,"passed_time":201.080525,"remaining_time":306.6985785},
{"learn":[0.1320405231],"iteration":396,"passed_time":201.6967211,"remaining_time":306.3554731},
{"learn":[0.1318959452],"iteration":397,"passed_time":202.3007046,"remaining_time":305.992523},
{"learn":[0.1317695329],"iteration":398,"passed_time":202.8081343,"remaining_time":305.4829292},
{"learn":[0.1316640849],"iteration":399,"passed_time":203.3051024,"remaining_time":304.9576536},
{"learn":[0.1315505546],"iteration":400,"passed_time":203.7999394,"remaining_time":304.4293359},
{"learn":[0.1312550851],"iteration":401,"passed_time":204.2986926,"remaining_time":303.9070104},
{"learn":[0.1311606843],"iteration":402,"passed_time":204.7823881,"remaining_time":303.3624955},
{"learn":[0.1309772765],"iteration":403,"passed_time":205.2767991,"remaining_time":302.8340898},
{"learn":[0.130842814],"iteration":404,"passed_time":205.7772989,"remaining_time":302.3147972},
{"learn":[0.1306163368],"iteration":405,"passed_time":206.2907964,"remaining_time":301.8146135},
{"learn":[0.1304039678],"iteration":406,"passed_time":206.7994591,"remaining_time":301.30732},
{"learn":[0.130256786],"iteration":407,"passed_time":207.2917602,"remaining_time":300.7762795},
{"learn":[0.1300199928],"iteration":408,"passed_time":207.7839038,"remaining_time":300.2452008},
{"learn":[0.1298687703],"iteration":409,"passed_time":208.2782375,"remaining_time":299.7174638},
{"learn":[0.1296394762],"iteration":410,"passed_time":208.7729625,"remaining_time":299.19045},
{"learn":[0.1294992342],"iteration":411,"passed_time":209.265596,"remaining_time":298.6606078},
{"learn":[0.1292807451],"iteration":412,"passed_time":209.7618574,"remaining_time":298.1361024},
{"learn":[0.1291565072],"iteration":413,"passed_time":210.2557164,"remaining_time":297.6083328},
{"learn":[0.1289870831],"iteration":414,"passed_time":210.7516448,"remaining_time":297.0836439},
{"learn":[0.1288326198],"iteration":415,"passed_time":211.2460794,"remaining_time":296.5569961},
{"learn":[0.1286526474],"iteration":416,"passed_time":211.7473461,"remaining_time":296.0400546},
{"learn":[0.1282893798],"iteration":417,"passed_time":212.245797,"remaining_time":295.5192676},
{"learn":[0.1281309282],"iteration":418,"passed_time":212.7497758,"remaining_time":295.0062523},
{"learn":[0.1279279516],"iteration":419,"passed_time":213.2483296,"remaining_time":294.4857885},
{"learn":[0.1277338939],"iteration":420,"passed_time":213.7519711,"remaining_time":293.9724259},
{"learn":[0.1275548106],"iteration":421,"passed_time":214.2514342,"remaining_time":293.4533862},
{"learn":[0.1273440516],"iteration":422,"passed_time":214.7407916,"remaining_time":292.9206543},
{"learn":[0.1271668032],"iteration":423,"passed_time":215.2321642,"remaining_time":292.3908646},
{"learn":[0.1269533707],"iteration":424,"passed_time":215.7582685,"remaining_time":291.9082456},
{"learn":[0.1268126319],"iteration":425,"passed_time":216.4092179,"remaining_time":291.593641},
{"learn":[0.1266832488],"iteration":426,"passed_time":217.0342472,"remaining_time":291.2426784},
{"learn":[0.126453488],"iteration":427,"passed_time":217.5487946,"remaining_time":290.7427816},
{"learn":[0.1263435195],"iteration":428,"passed_time":218.0481894,"remaining_time":290.2226483},
{"learn":[0.126126727],"iteration":429,"passed_time":218.5402695,"remaining_time":289.6929154},
{"learn":[0.1259666198],"iteration":430,"passed_time":219.0326412,"remaining_time":289.1637421},
{"learn":[0.12577204],"iteration":431,"passed_time":219.5312682,"remaining_time":288.6429637},
{"learn":[0.1255770036],"iteration":432,"passed_time":220.0252113,"remaining_time":288.1161543},
{"learn":[0.1254136412],"iteration":433,"passed_time":220.5238972,"remaining_time":287.5956816},
{"learn":[0.1252774124],"iteration":434,"passed_time":221.0210978,"remaining_time":287.0733799},
{"learn":[0.1250793132],"iteration":435,"passed_time":221.5199316,"remaining_time":286.553306},
{"learn":[0.1248143906],"iteration":436,"passed_time":222.0121237,"remaining_time":286.0247726},
{"learn":[0.1246598182],"iteration":437,"passed_time":222.513923,"remaining_time":285.5087322},
{"learn":[0.1244617234],"iteration":438,"passed_time":223.0273585,"remaining_time":285.0076266},
{"learn":[0.124206729],"iteration":439,"passed_time":223.5196581,"remaining_time":284.4795649},
{"learn":[0.1239956632],"iteration":440,"passed_time":224.0180066,"remaining_time":283.9593327},
{"learn":[0.1238719187],"iteration":441,"passed_time":224.5187321,"remaining_time":283.4422002},
{"learn":[0.123614934],"iteration":442,"passed_time":225.019142,"remaining_time":282.9247451},
{"learn":[0.1234510917],"iteration":443,"passed_time":225.5116754,"remaining_time":282.3975034},
{"learn":[0.123347208],"iteration":444,"passed_time":226.019019,"remaining_time":281.8888888},
{"learn":[0.1232370696],"iteration":445,"passed_time":226.5286912,"remaining_time":281.3831725},
{"learn":[0.1230154681],"iteration":446,"passed_time":227.0267139,"remaining_time":280.8630263},
{"learn":[0.1228865405],"iteration":447,"passed_time":227.5293636,"remaining_time":280.3486801},
{"learn":[0.1227463017],"iteration":448,"passed_time":228.0366519,"remaining_time":279.8400784},
{"learn":[0.1225384791],"iteration":449,"passed_time":228.5535456,"remaining_time":279.3432224},
{"learn":[0.1223236109],"iteration":450,"passed_time":229.0566162,"remaining_time":278.8294507},
{"learn":[0.12210361],"iteration":451,"passed_time":229.5533951,"remaining_time":278.3080985},
{"learn":[0.1218905808],"iteration":452,"passed_time":230.0489605,"remaining_time":277.7853894},
{"learn":[0.1217216405],"iteration":453,"passed_time":230.5489773,"remaining_time":277.2681534},
{"learn":[0.1215825591],"iteration":454,"passed_time":231.0500208,"remaining_time":276.7522227},
{"learn":[0.1214796161],"iteration":455,"passed_time":231.5483236,"remaining_time":276.2330878},
{"learn":[0.1213378772],"iteration":456,"passed_time":232.0436116,"remaining_time":275.7104619},
{"learn":[0.1211813453],"iteration":457,"passed_time":232.54019,"remaining_time":275.1894825},
{"learn":[0.1209979735],"iteration":458,"passed_time":233.0945688,"remaining_time":274.7367358},
{"learn":[0.1208726611],"iteration":459,"passed_time":233.7305438,"remaining_time":274.379334},
{"learn":[0.1207754388],"iteration":460,"passed_time":234.3527713,"remaining_time":274.0046501},
{"learn":[0.1206532731],"iteration":461,"passed_time":234.8530776,"remaining_time":273.4869172},
{"learn":[0.1205066886],"iteration":462,"passed_time":235.3464047,"remaining_time":272.9611649},
{"learn":[0.1204008606],"iteration":463,"passed_time":235.8436111,"remaining_time":272.4400335},
{"learn":[0.1201988531],"iteration":464,"passed_time":236.3444456,"remaining_time":271.9231794},
{"learn":[0.1200285106],"iteration":465,"passed_time":236.8396477,"remaining_time":271.3999397},
{"learn":[0.1198518217],"iteration":466,"passed_time":237.3365878,"remaining_time":270.8788036},
{"learn":[0.1196980521],"iteration":467,"passed_time":237.8380761,"remaining_time":270.3629412},
{"learn":[0.1195453344],"iteration":468,"passed_time":238.3290304,"remaining_time":269.8352135},
{"learn":[0.1194710982],"iteration":469,"passed_time":238.8203516,"remaining_time":269.3080561},
{"learn":[0.1192445199],"iteration":470,"passed_time":239.3269003,"remaining_time":268.7981534},
{"learn":[0.1189495467],"iteration":471,"passed_time":239.8480991,"remaining_time":268.3046532},
{"learn":[0.1188236573],"iteration":472,"passed_time":240.3540408,"remaining_time":267.794037},
{"learn":[0.1186052822],"iteration":473,"passed_time":240.8516668,"remaining_time":267.2742125},
{"learn":[0.1183588972],"iteration":474,"passed_time":241.3549784,"remaining_time":266.7607656},
{"learn":[0.1181929309],"iteration":475,"passed_time":241.8500547,"remaining_time":266.2382955},
{"learn":[0.1180518751],"iteration":476,"passed_time":242.3463642,"remaining_time":265.7172924},
{"learn":[0.1178243979],"iteration":477,"passed_time":242.8469041,"remaining_time":265.2010124},
{"learn":[0.1177784035],"iteration":478,"passed_time":243.353581,"remaining_time":264.6914733},
{"learn":[0.1175699234],"iteration":479,"passed_time":243.8517994,"remaining_time":264.1727827},
{"learn":[0.1174561387],"iteration":480,"passed_time":244.349893,"remaining_time":263.6540426},
{"learn":[0.117250798],"iteration":481,"passed_time":244.8501984,"remaining_time":263.1377651},
{"learn":[0.1170922787],"iteration":482,"passed_time":245.3504584,"remaining_time":262.6215052},
{"learn":[0.1169588165],"iteration":483,"passed_time":245.8441454,"remaining_time":262.0983038},
{"learn":[0.11677519],"iteration":484,"passed_time":246.3448632,"remaining_time":261.5826898},
{"learn":[0.1165971014],"iteration":485,"passed_time":246.8397166,"remaining_time":261.0609349},
{"learn":[0.116522908],"iteration":486,"passed_time":247.3508643,"remaining_time":260.5564546},
{"learn":[0.1163411069],"iteration":487,"passed_time":247.9578982,"remaining_time":260.152549},
{"learn":[0.1160707348],"iteration":488,"passed_time":248.5882881,"remaining_time":259.7722193},
{"learn":[0.1158602712],"iteration":489,"passed_time":249.1350845,"remaining_time":259.3038634},
{"learn":[0.1157326976],"iteration":490,"passed_time":249.6294115,"remaining_time":258.7807952},
{"learn":[0.1155775063],"iteration":491,"passed_time":250.1414067,"remaining_time":258.2760866},
{"learn":[0.1154262307],"iteration":492,"passed_time":250.6566467,"remaining_time":257.7746853},
{"learn":[0.1152467979],"iteration":493,"passed_time":251.1517876,"remaining_time":257.2526408},
{"learn":[0.1150571155],"iteration":494,"passed_time":251.6460025,"remaining_time":256.7297601},
{"learn":[0.1148879991],"iteration":495,"passed_time":252.1356037,"remaining_time":256.202307},
{"learn":[0.1146095378],"iteration":496,"passed_time":252.6391763,"remaining_time":255.6891462},
{"learn":[0.1145216848],"iteration":497,"passed_time":253.1329273,"remaining_time":255.1661235},
{"learn":[0.1143280886],"iteration":498,"passed_time":253.6399002,"remaining_time":254.656493},
{"learn":[0.1141833563],"iteration":499,"passed_time":254.1309185,"remaining_time":254.1309185},
{"learn":[0.1139462576],"iteration":500,"passed_time":254.6339075,"remaining_time":253.6174049},
{"learn":[0.1137825577],"iteration":501,"passed_time":255.1340333,"remaining_time":253.1010928},
{"learn":[0.1136305731],"iteration":502,"passed_time":255.6358675,"remaining_time":252.5865331},
{"learn":[0.1135236231],"iteration":503,"passed_time":256.1387077,"remaining_time":252.0730139},
{"learn":[0.1133165249],"iteration":504,"passed_time":256.6360648,"remaining_time":251.5541626},
{"learn":[0.1131569285],"iteration":505,"passed_time":257.1306565,"remaining_time":251.0326962},
{"learn":[0.1129841988],"iteration":506,"passed_time":257.6276823,"remaining_time":250.5137029},
{"learn":[0.1128518606],"iteration":507,"passed_time":258.1125199,"remaining_time":249.9829917},
{"learn":[0.1126550693],"iteration":508,"passed_time":258.6099281,"remaining_time":249.4645869},
{"learn":[0.1124561188],"iteration":509,"passed_time":259.108581,"remaining_time":248.9474602},
{"learn":[0.1123343343],"iteration":510,"passed_time":259.6021034,"remaining_time":248.4254962},
{"learn":[0.1122627513],"iteration":511,"passed_time":260.0969351,"remaining_time":247.9048913},
{"learn":[0.1120837458],"iteration":512,"passed_time":260.5885222,"remaining_time":247.3813067},
{"learn":[0.111969789],"iteration":513,"passed_time":261.0989347,"remaining_time":246.8756464},
{"learn":[0.1118939166],"iteration":514,"passed_time":261.6115151,"remaining_time":246.3720094},
{"learn":[0.1117954379],"iteration":515,"passed_time":262.1004805,"remaining_time":245.8461871},
{"learn":[0.111681008],"iteration":516,"passed_time":262.6004003,"remaining_time":245.3307415},
{"learn":[0.1115323126],"iteration":517,"passed_time":263.103872,"remaining_time":244.8186608},
{"learn":[0.1113093051],"iteration":518,"passed_time":263.6042285,"remaining_time":244.3037263},
{"learn":[0.1111604714],"iteration":519,"passed_time":264.0976298,"remaining_time":243.7824275},
{"learn":[0.1110104464],"iteration":520,"passed_time":264.5911056,"remaining_time":243.2613044},
{"learn":[0.1108651692],"iteration":521,"passed_time":265.1391867,"remaining_time":242.7902897},
{"learn":[0.1106717384],"iteration":522,"passed_time":265.7586725,"remaining_time":242.3841048},
{"learn":[0.1105578053],"iteration":523,"passed_time":266.3724111,"remaining_time":241.9718849},
{"learn":[0.1104728777],"iteration":524,"passed_time":266.8740582,"remaining_time":241.4574812},
{"learn":[0.1103331359],"iteration":525,"passed_time":267.3648195,"remaining_time":240.9333164},
{"learn":[0.110224011],"iteration":526,"passed_time":267.851312,"remaining_time":240.405447},
{"learn":[0.1101189655],"iteration":527,"passed_time":268.3356327,"remaining_time":239.8757929},
{"learn":[0.1099579608],"iteration":528,"passed_time":268.8290601,"remaining_time":239.3544183},
{"learn":[0.1098202501],"iteration":529,"passed_time":269.324226,"remaining_time":238.834691},
{"learn":[0.1097425209],"iteration":530,"passed_time":269.8163358,"remaining_time":238.3123569},
{"learn":[0.1095892526],"iteration":531,"passed_time":270.3119548,"remaining_time":237.7932234},
{"learn":[0.1094675085],"iteration":532,"passed_time":270.8094503,"remaining_time":237.2758223},
{"learn":[0.1093139764],"iteration":533,"passed_time":271.3059395,"remaining_time":236.7576176},
{"learn":[0.1091462058],"iteration":534,"passed_time":271.794039,"remaining_time":236.2322021},
{"learn":[0.1090010987],"iteration":535,"passed_time":272.304671,"remaining_time":235.7264316},
{"learn":[0.1089041679],"iteration":536,"passed_time":272.8162001,"remaining_time":235.2214164},
{"learn":[0.108729668],"iteration":537,"passed_time":273.314724,"remaining_time":234.7052091},
{"learn":[0.1086064799],"iteration":538,"passed_time":273.8157238,"remaining_time":234.1911849},
{"learn":[0.108412885],"iteration":539,"passed_time":274.3153979,"remaining_time":233.6760797},
{"learn":[0.1082775618],"iteration":540,"passed_time":274.8092952,"remaining_time":233.1561303},
{"learn":[0.1081879848],"iteration":541,"passed_time":275.3074743,"remaining_time":232.6398953},
{"learn":[0.1080033032],"iteration":542,"passed_time":275.8031854,"remaining_time":232.1216496},
{"learn":[0.1078515804],"iteration":543,"passed_time":276.2966454,"remaining_time":231.6015998},
{"learn":[0.1077035394],"iteration":544,"passed_time":276.7942814,"remaining_time":231.085134},
{"learn":[0.1075687846],"iteration":545,"passed_time":277.2947442,"remaining_time":230.5710877},
{"learn":[0.1074255898],"iteration":546,"passed_time":277.791993,"remaining_time":230.0544293},
{"learn":[0.1073129367],"iteration":547,"passed_time":278.2926895,"remaining_time":229.5406855},
{"learn":[0.1071600259],"iteration":548,"passed_time":278.7941622,"remaining_time":229.0276269},
{"learn":[0.1070736236],"iteration":549,"passed_time":279.2900368,"remaining_time":228.5100301},
{"learn":[0.1069614359],"iteration":550,"passed_time":279.9340807,"remaining_time":228.1132527},
{"learn":[0.1068701684],"iteration":551,"passed_time":280.5702692,"remaining_time":227.709204},
{"learn":[0.1067217675],"iteration":552,"passed_time":281.0792151,"remaining_time":227.2014632},
{"learn":[0.1065432691],"iteration":553,"passed_time":281.5779637,"remaining_time":226.6855087},
{"learn":[0.1065028149],"iteration":554,"passed_time":282.0677437,"remaining_time":226.1624251},
{"learn":[0.1063761744],"iteration":555,"passed_time":282.5652586,"remaining_time":225.6456381},
{"learn":[0.1061561575],"iteration":556,"passed_time":283.0834376,"remaining_time":225.1453552},
{"learn":[0.1060514485],"iteration":557,"passed_time":283.6015068,"remaining_time":224.6449211},
{"learn":[0.1059799491],"iteration":558,"passed_time":284.0886454,"remaining_time":224.1200226},
{"learn":[0.1058952347],"iteration":559,"passed_time":284.5968871,"remaining_time":223.6118398},
{"learn":[0.1057888628],"iteration":560,"passed_time":285.0925793,"remaining_time":223.0938366},
{"learn":[0.105683096],"iteration":561,"passed_time":285.5898412,"remaining_time":222.577136},
{"learn":[0.1056366406],"iteration":562,"passed_time":286.081384,"remaining_time":222.0560654},
{"learn":[0.105491725],"iteration":563,"passed_time":286.5889276,"remaining_time":221.5474688},
{"learn":[0.1053961486],"iteration":564,"passed_time":287.0849207,"remaining_time":221.0299832},
{"learn":[0.1053277099],"iteration":565,"passed_time":287.5852777,"remaining_time":220.5159196},
{"learn":[0.1052317179],"iteration":566,"passed_time":288.0803244,"remaining_time":219.9978492},
{"learn":[0.1051011668],"iteration":567,"passed_time":288.5774284,"remaining_time":219.4814245},
{"learn":[0.1049525625],"iteration":568,"passed_time":289.0743518,"remaining_time":218.9649308},
{"learn":[0.1048565905],"iteration":569,"passed_time":289.5774748,"remaining_time":218.4531828},
{"learn":[0.1046827284],"iteration":570,"passed_time":290.0759544,"remaining_time":217.9379763},
{"learn":[0.1045520373],"iteration":571,"passed_time":290.5695584,"remaining_time":217.41918},
{"learn":[0.1044029856],"iteration":572,"passed_time":291.0694738,"remaining_time":216.905175},
{"learn":[0.1042714502],"iteration":573,"passed_time":291.5598377,"remaining_time":216.3841304},
{"learn":[0.1041529984],"iteration":574,"passed_time":292.0510332,"remaining_time":215.8638072},
{"learn":[0.1040268975],"iteration":575,"passed_time":292.5461971,"remaining_time":215.3465062},
{"learn":[0.1038434342],"iteration":576,"passed_time":293.0510821,"remaining_time":214.8364086},
{"learn":[0.1037298229],"iteration":577,"passed_time":293.5498104,"remaining_time":214.3218339},
{"learn":[0.1035891864],"iteration":578,"passed_time":294.0665344,"remaining_time":213.820399},
{"learn":[0.1034714921],"iteration":579,"passed_time":294.5700724,"remaining_time":213.3093628},
{"learn":[0.1033988094],"iteration":580,"passed_time":295.0570662,"remaining_time":212.7864213},
{"learn":[0.1031805373],"iteration":581,"passed_time":295.5558189,"remaining_time":212.2720486},
{"learn":[0.1030418781],"iteration":582,"passed_time":296.05012,"remaining_time":211.7545455},
{"learn":[0.1029227547],"iteration":583,"passed_time":296.5536065,"remaining_time":211.2436649},
{"learn":[0.1028074373],"iteration":584,"passed_time":297.1141121,"remaining_time":210.773259},
{"learn":[0.1027103564],"iteration":585,"passed_time":297.7468641,"remaining_time":210.3535866},
{"learn":[0.1026083683],"iteration":586,"passed_time":298.3593353,"remaining_time":209.9189191},
{"learn":[0.1025060225],"iteration":587,"passed_time":298.8558592,"remaining_time":209.4024048},
{"learn":[0.1024234229],"iteration":588,"passed_time":299.3563123,"remaining_time":208.8887001},
{"learn":[0.1023342636],"iteration":589,"passed_time":299.8593013,"remaining_time":208.3768026},
{"learn":[0.1022545719],"iteration":590,"passed_time":300.3561556,"remaining_time":207.8606897},
{"learn":[0.1021413182],"iteration":591,"passed_time":300.8603831,"remaining_time":207.3497235},
{"learn":[0.1020465999],"iteration":592,"passed_time":301.3491777,"remaining_time":206.8281878},
{"learn":[0.1019334376],"iteration":593,"passed_time":301.8475234,"remaining_time":206.3132904},
{"learn":[0.1018777678],"iteration":594,"passed_time":302.3472813,"remaining_time":205.79941},
{"learn":[0.1017545901],"iteration":595,"passed_time":302.8548147,"remaining_time":205.2908476},
{"learn":[0.1016751059],"iteration":596,"passed_time":303.3454081,"remaining_time":204.7708533},
{"learn":[0.1016011343],"iteration":597,"passed_time":303.8453316,"remaining_time":204.2572296},
{"learn":[0.1014948767],"iteration":598,"passed_time":304.3435112,"remaining_time":203.7424841},
{"learn":[0.1014017672],"iteration":599,"passed_time":304.844226,"remaining_time":203.229484},
{"learn":[0.1012982945],"iteration":600,"passed_time":305.3648977,"remaining_time":202.729774},
{"learn":[0.1011669296],"iteration":601,"passed_time":305.8630312,"remaining_time":202.2150937},
{"learn":[0.1010464983],"iteration":602,"passed_time":306.3571978,"remaining_time":201.6978566},
{"learn":[0.100926274],"iteration":603,"passed_time":306.8564779,"remaining_time":201.1840485},
{"learn":[0.1008388214],"iteration":604,"passed_time":307.357588,"remaining_time":200.6714831},
{"learn":[0.1007109252],"iteration":605,"passed_time":307.8477957,"remaining_time":200.1518672},
{"learn":[0.1005261282],"iteration":606,"passed_time":308.3405434,"remaining_time":199.6339927},
{"learn":[0.1004475248],"iteration":607,"passed_time":308.8279329,"remaining_time":199.1127462},
{"learn":[0.1002989775],"iteration":608,"passed_time":309.3309592,"remaining_time":198.6016503},
{"learn":[0.1001929969],"iteration":609,"passed_time":309.8235312,"remaining_time":198.083897},
{"learn":[0.100063034],"iteration":610,"passed_time":310.3160081,"remaining_time":197.5661655},
{"learn":[0.09998010627],"iteration":611,"passed_time":310.812367,"remaining_time":197.0509778},
{"learn":[0.09990741248],"iteration":612,"passed_time":311.358826,"remaining_time":196.5674807},
{"learn":[0.09979949124],"iteration":613,"passed_time":312.0038519,"remaining_time":196.1457441},
{"learn":[0.09964625596],"iteration":614,"passed_time":312.5892856,"remaining_time":195.6859755},
{"learn":[0.09958285143],"iteration":615,"passed_time":313.0816139,"remaining_time":195.1677593},
{"learn":[0.09949007222],"iteration":616,"passed_time":313.5733304,"remaining_time":194.6492472},
{"learn":[0.09937516101],"iteration":617,"passed_time":314.0695829,"remaining_time":194.1336257},
{"learn":[0.09922322298],"iteration":618,"passed_time":314.5699047,"remaining_time":193.6205714},
{"learn":[0.09905476306],"iteration":619,"passed_time":315.0679754,"remaining_time":193.1061785},
{"learn":[0.09893779495],"iteration":620,"passed_time":315.5651396,"remaining_time":192.5912849},
{"learn":[0.09888367195],"iteration":621,"passed_time":316.0797495,"remaining_time":192.0870504},
{"learn":[0.09877139079],"iteration":622,"passed_time":316.5934988,"remaining_time":191.5822617},
{"learn":[0.09866315095],"iteration":623,"passed_time":317.0907059,"remaining_time":191.0674766},
{"learn":[0.09857450241],"iteration":624,"passed_time":317.5876868,"remaining_time":190.5526121},
{"learn":[0.09845394796],"iteration":625,"passed_time":318.0808502,"remaining_time":190.0355239},
{"learn":[0.09834493454],"iteration":626,"passed_time":318.5780267,"remaining_time":189.5208995},
{"learn":[0.09821699601],"iteration":627,"passed_time":319.0727933,"remaining_time":189.004903},
{"learn":[0.098092008],"iteration":628,"passed_time":319.5801218,"remaining_time":188.4963835},
{"learn":[0.09798433379],"iteration":629,"passed_time":320.0780393,"remaining_time":187.9823406},
{"learn":[0.0978597019],"iteration":630,"passed_time":320.5734932,"remaining_time":187.4669081},
{"learn":[0.0977744271],"iteration":631,"passed_time":321.0672628,"remaining_time":186.9505581},
{"learn":[0.0976562841],"iteration":632,"passed_time":321.5678279,"remaining_time":186.4382193},
{"learn":[0.0975504123],"iteration":633,"passed_time":322.0705753,"remaining_time":185.9271775},
{"learn":[0.097470452],"iteration":634,"passed_time":322.5654642,"remaining_time":185.4116448},
{"learn":[0.09733990631],"iteration":635,"passed_time":323.0693449,"remaining_time":184.9013232},
{"learn":[0.09724018303],"iteration":636,"passed_time":323.5692685,"remaining_time":184.3887668},
{"learn":[0.09716327745],"iteration":637,"passed_time":324.0645624,"remaining_time":183.8736232},
{"learn":[0.09704944149],"iteration":638,"passed_time":324.5597192,"remaining_time":183.3584642},
{"learn":[0.09692557302],"iteration":639,"passed_time":325.0511563,"remaining_time":182.8412754},
{"learn":[0.09684679178],"iteration":640,"passed_time":325.5452851,"remaining_time":182.3256745},
{"learn":[0.09672552879],"iteration":641,"passed_time":326.0340758,"remaining_time":181.8071637},
{"learn":[0.09660166045],"iteration":642,"passed_time":326.5348699,"remaining_time":181.2954099},
{"learn":[0.09649872718],"iteration":643,"passed_time":327.0511684,"remaining_time":180.7922608},
{"learn":[0.09638800466],"iteration":644,"passed_time":327.5678481,"remaining_time":180.2892807},
{"learn":[0.09630920713],"iteration":645,"passed_time":328.0625516,"remaining_time":179.7742156},
{"learn":[0.0962179635],"iteration":646,"passed_time":328.6274155,"remaining_time":179.2974925},
{"learn":[0.09608773002],"iteration":647,"passed_time":329.2395771,"remaining_time":178.84619},
{"learn":[0.09600559677],"iteration":648,"passed_time":329.8624284,"remaining_time":178.4001731},
{"learn":[0.09588360998],"iteration":649,"passed_time":330.3772359,"remaining_time":177.8954347},
{"learn":[0.09576938683],"iteration":650,"passed_time":330.8676578,"remaining_time":177.3775923},
{"learn":[0.09564946919],"iteration":651,"passed_time":331.3722559,"remaining_time":176.8674004},
{"learn":[0.09551174148],"iteration":652,"passed_time":331.8713021,"remaining_time":176.3542754},
{"learn":[0.09537389509],"iteration":653,"passed_time":332.3733553,"remaining_time":175.8427843},
{"learn":[0.0952395424],"iteration":654,"passed_time":332.8749764,"remaining_time":175.3310945},
{"learn":[0.09517386196],"iteration":655,"passed_time":333.372848,"remaining_time":174.8174691},
{"learn":[0.09506620771],"iteration":656,"passed_time":333.8613758,"remaining_time":174.2990136},
{"learn":[0.0949850222],"iteration":657,"passed_time":334.3595113,"remaining_time":173.7856426},
{"learn":[0.09484522517],"iteration":658,"passed_time":334.861382,"remaining_time":173.2742508},
{"learn":[0.09472147231],"iteration":659,"passed_time":335.3678831,"remaining_time":172.7652731},
{"learn":[0.09466883734],"iteration":660,"passed_time":335.8663119,"remaining_time":172.252163},
{"learn":[0.09459530605],"iteration":661,"passed_time":336.3675252,"remaining_time":171.7405189},
{"learn":[0.09449612979],"iteration":662,"passed_time":336.8712413,"remaining_time":171.2301784},
{"learn":[0.0943682126],"iteration":663,"passed_time":337.371345,"remaining_time":170.71803},
{"learn":[0.09423991813],"iteration":664,"passed_time":337.8869138,"remaining_time":170.2137085},
{"learn":[0.09415162909],"iteration":665,"passed_time":338.3944091,"remaining_time":169.7053043},
{"learn":[0.09401904594],"iteration":666,"passed_time":338.8974187,"remaining_time":169.1946633},
{"learn":[0.09388711748],"iteration":667,"passed_time":339.3885455,"remaining_time":168.6781394},
{"learn":[0.09377972124],"iteration":668,"passed_time":339.8816141,"remaining_time":168.1626521},
{"learn":[0.09370922253],"iteration":669,"passed_time":340.3759896,"remaining_time":167.6478755},
{"learn":[0.0936140202],"iteration":670,"passed_time":340.8756643,"remaining_time":167.1357579},
{"learn":[0.09353433742],"iteration":671,"passed_time":341.378193,"remaining_time":166.6250704},
{"learn":[0.09338991004],"iteration":672,"passed_time":341.8814053,"remaining_time":166.1147393},
{"learn":[0.09324497118],"iteration":673,"passed_time":342.3812597,"remaining_time":165.6028051},
{"learn":[0.09316459315],"iteration":674,"passed_time":342.8907619,"remaining_time":165.095552},
{"learn":[0.09306228149],"iteration":675,"passed_time":343.5195028,"remaining_time":164.6454422},
{"learn":[0.09296402507],"iteration":676,"passed_time":344.1688864,"remaining_time":164.2046533},
{"learn":[0.09286783621],"iteration":677,"passed_time":344.6852927,"remaining_time":163.7000947},
{"learn":[0.09279959259],"iteration":678,"passed_time":345.1863183,"remaining_time":163.18823},
{"learn":[0.0926960558],"iteration":679,"passed_time":345.6861665,"remaining_time":162.675843},
{"learn":[0.09262675064],"iteration":680,"passed_time":346.1968757,"remaining_time":162.1685805},
{"learn":[0.09256520882],"iteration":681,"passed_time":346.704227,"remaining_time":161.6597422},
{"learn":[0.09244752086],"iteration":682,"passed_time":347.2128659,"remaining_time":161.1515059},
{"learn":[0.09232805712],"iteration":683,"passed_time":347.7083577,"remaining_time":160.6371945},
{"learn":[0.09229917924],"iteration":684,"passed_time":348.200705,"remaining_time":160.1214921},
{"learn":[0.09218959973],"iteration":685,"passed_time":348.7017055,"remaining_time":159.6098185},
{"learn":[0.09202876825],"iteration":686,"passed_time":349.2264048,"remaining_time":159.1089734},
{"learn":[0.09192717822],"iteration":687,"passed_time":349.7313745,"remaining_time":158.5991117},
{"learn":[0.09182557166],"iteration":688,"passed_time":350.2355495,"remaining_time":158.0889055},
{"learn":[0.0917210019],"iteration":689,"passed_time":350.7303578,"remaining_time":157.5745086},
{"learn":[0.09159052524],"iteration":690,"passed_time":351.2337442,"remaining_time":157.0640043},
{"learn":[0.09149100226],"iteration":691,"passed_time":351.7241895,"remaining_time":156.5477606},
{"learn":[0.0913747281],"iteration":692,"passed_time":352.248391,"remaining_time":156.0465455},
{"learn":[0.09127608623],"iteration":693,"passed_time":352.7446009,"remaining_time":155.532922},
{"learn":[0.09118680921],"iteration":694,"passed_time":353.2389487,"remaining_time":155.0185314},
{"learn":[0.09106620538],"iteration":695,"passed_time":353.7373829,"remaining_time":154.5059833},
{"learn":[0.09101585704],"iteration":696,"passed_time":354.2374394,"remaining_time":153.994181},
{"learn":[0.09093998627],"iteration":697,"passed_time":354.7295719,"remaining_time":153.4789838},
{"learn":[0.09082661451],"iteration":698,"passed_time":355.2333858,"remaining_time":152.9688829},
{"learn":[0.09072979737],"iteration":699,"passed_time":355.7243141,"remaining_time":152.4532775},
{"learn":[0.09062617648],"iteration":700,"passed_time":356.2273545,"remaining_time":151.9429087},
{"learn":[0.09056969211],"iteration":701,"passed_time":356.7192119,"remaining_time":151.4278136},
{"learn":[0.09045368717],"iteration":702,"passed_time":357.2189632,"remaining_time":150.9161196},
{"learn":[0.09037686481],"iteration":703,"passed_time":357.7147082,"remaining_time":150.4027751},
{"learn":[0.09027902952],"iteration":704,"passed_time":358.2148971,"remaining_time":149.8913399},
{"learn":[0.09021136639],"iteration":705,"passed_time":358.7096816,"remaining_time":149.3776861},
{"learn":[0.09014531997],"iteration":706,"passed_time":359.2101822,"remaining_time":148.8664546},
{"learn":[0.09003212032],"iteration":707,"passed_time":359.71051,"remaining_time":148.3551821},
{"learn":[0.08993557734],"iteration":708,"passed_time":360.3062704,"remaining_time":147.8831096},
{"learn":[0.0898966554],"iteration":709,"passed_time":360.9326621,"remaining_time":147.4232},
{"learn":[0.08973930227],"iteration":710,"passed_time":361.5375218,"remaining_time":146.95407},
{"learn":[0.08965373471],"iteration":711,"passed_time":362.0289786,"remaining_time":146.438688},
{"learn":[0.08957635411],"iteration":712,"passed_time":362.5249569,"remaining_time":145.925193},
{"learn":[0.08949120577],"iteration":713,"passed_time":363.0270876,"remaining_time":145.4142116},
{"learn":[0.08934391403],"iteration":714,"passed_time":363.5383085,"remaining_time":144.9068782},
{"learn":[0.08923071623],"iteration":715,"passed_time":364.0380291,"remaining_time":144.3949725},
{"learn":[0.0891251094],"iteration":716,"passed_time":364.5319247,"remaining_time":143.8808015},
{"learn":[0.08899399085],"iteration":717,"passed_time":365.0309172,"remaining_time":143.3686889},
{"learn":[0.08886882934],"iteration":718,"passed_time":365.5252908,"remaining_time":142.8548077},
{"learn":[0.08880134813],"iteration":719,"passed_time":366.0216476,"remaining_time":142.3417518},
{"learn":[0.08867954226],"iteration":720,"passed_time":366.5104526,"remaining_time":141.8258201},
{"learn":[0.08858714378],"iteration":721,"passed_time":367.0082841,"remaining_time":141.313439},
{"learn":[0.08851879187],"iteration":722,"passed_time":367.5089794,"remaining_time":140.8021954},
{"learn":[0.08835141299],"iteration":723,"passed_time":368.0027126,"remaining_time":140.2883269},
{"learn":[0.08828499918],"iteration":724,"passed_time":368.5018099,"remaining_time":139.7765486},
{"learn":[0.08818783554],"iteration":725,"passed_time":369.0001045,"remaining_time":139.2645023},
{"learn":[0.08807706146],"iteration":726,"passed_time":369.5089317,"remaining_time":138.7564489},
{"learn":[0.08797749353],"iteration":727,"passed_time":370.0023167,"remaining_time":138.2426238},
{"learn":[0.08783470133],"iteration":728,"passed_time":370.4981145,"remaining_time":137.7297517},
{"learn":[0.08772862707],"iteration":729,"passed_time":371.0131672,"remaining_time":137.2240481},
{"learn":[0.08765025224],"iteration":730,"passed_time":371.5298314,"remaining_time":136.718912},
{"learn":[0.08757009875],"iteration":731,"passed_time":372.0272639,"remaining_time":136.2067032},
{"learn":[0.08747459493],"iteration":732,"passed_time":372.5256891,"remaining_time":135.6948963},
{"learn":[0.08735679424],"iteration":733,"passed_time":373.0192512,"remaining_time":135.1813635},
{"learn":[0.08726422089],"iteration":734,"passed_time":373.5212541,"remaining_time":134.6709283},
{"learn":[0.08721444244],"iteration":735,"passed_time":374.0130392,"remaining_time":134.156851},
{"learn":[0.08711806963],"iteration":736,"passed_time":374.5141557,"remaining_time":133.6461641},
{"learn":[0.0870516715],"iteration":737,"passed_time":375.0503873,"remaining_time":133.1479695},
{"learn":[0.08697983744],"iteration":738,"passed_time":375.6779516,"remaining_time":132.6819288},
{"learn":[0.08689333541],"iteration":739,"passed_time":376.2784766,"remaining_time":132.2059512},
{"learn":[0.08678505477],"iteration":740,"passed_time":376.774286,"remaining_time":131.6930365},
{"learn":[0.08671722746],"iteration":741,"passed_time":377.276289,"remaining_time":131.1823215},
{"learn":[0.08659672121],"iteration":742,"passed_time":377.7746332,"remaining_time":130.6703644},
{"learn":[0.08654664802],"iteration":743,"passed_time":378.2780237,"remaining_time":130.1601802},
{"learn":[0.08647093259],"iteration":744,"passed_time":378.7853544,"remaining_time":129.6513629},
{"learn":[0.08637921682],"iteration":745,"passed_time":379.2931572,"remaining_time":129.1427104},
{"learn":[0.08628153104],"iteration":746,"passed_time":379.7881728,"remaining_time":128.6297292},
{"learn":[0.08621668303],"iteration":747,"passed_time":380.2822022,"remaining_time":128.1164638},
{"learn":[0.08611908668],"iteration":748,"passed_time":380.776976,"remaining_time":127.6034993},
{"learn":[0.08606436735],"iteration":749,"passed_time":381.2784013,"remaining_time":127.0928004},
{"learn":[0.08598184857],"iteration":750,"passed_time":381.7811429,"remaining_time":126.5825627},
{"learn":[0.08591369409],"iteration":751,"passed_time":382.2992428,"remaining_time":126.0774099},
{"learn":[0.0858228858],"iteration":752,"passed_time":382.8062642,"remaining_time":125.5685887},
{"learn":[0.08577429067],"iteration":753,"passed_time":383.3068629,"remaining_time":125.0576767},
{"learn":[0.08571198925],"iteration":754,"passed_time":383.7982334,"remaining_time":124.5437976},
{"learn":[0.08562650641],"iteration":755,"passed_time":384.2992473,"remaining_time":124.0330904},
{"learn":[0.08552994682],"iteration":756,"passed_time":384.7980792,"remaining_time":123.5217084},
{"learn":[0.08546934574],"iteration":757,"passed_time":385.2990406,"remaining_time":123.0110393},
{"learn":[0.08540681155],"iteration":758,"passed_time":385.7948295,"remaining_time":122.4987535},
{"learn":[0.08532481432],"iteration":759,"passed_time":386.2976465,"remaining_time":121.9887305},
{"learn":[0.08524266744],"iteration":760,"passed_time":386.7891778,"remaining_time":121.475182},
{"learn":[0.08511981767],"iteration":761,"passed_time":387.2910016,"remaining_time":120.964906},
{"learn":[0.08499892354],"iteration":762,"passed_time":387.7910313,"remaining_time":120.4540949},
{"learn":[0.08488915787],"iteration":763,"passed_time":388.2883009,"remaining_time":119.9424594},
{"learn":[0.08480428265],"iteration":764,"passed_time":388.7856832,"remaining_time":119.4308962},
{"learn":[0.08470582835],"iteration":765,"passed_time":389.2818388,"remaining_time":118.9189951},
{"learn":[0.08460845698],"iteration":766,"passed_time":389.7846861,"remaining_time":118.409168},
{"learn":[0.08449397478],"iteration":767,"passed_time":390.2797698,"remaining_time":117.8970138},
{"learn":[0.08440704888],"iteration":768,"passed_time":390.7745563,"remaining_time":117.3848147},
{"learn":[0.08428538027],"iteration":769,"passed_time":391.2701238,"remaining_time":116.8728941},
{"learn":[0.08413697083],"iteration":770,"passed_time":391.8456262,"remaining_time":116.384758},
{"learn":[0.08407753806],"iteration":771,"passed_time":392.4579279,"remaining_time":115.9072637},
{"learn":[0.08398424006],"iteration":772,"passed_time":393.1086806,"remaining_time":115.4407122},
{"learn":[0.08386935143],"iteration":773,"passed_time":393.6212058,"remaining_time":114.9333237},
{"learn":[0.08376951233],"iteration":774,"passed_time":394.1206098,"remaining_time":114.4221125},
{"learn":[0.08369265887],"iteration":775,"passed_time":394.6156166,"remaining_time":113.9096625},
{"learn":[0.08359865831],"iteration":776,"passed_time":395.1161028,"remaining_time":113.39883},
{"learn":[0.08351590693],"iteration":777,"passed_time":395.6166883,"remaining_time":112.8880525},
{"learn":[0.08345986765],"iteration":778,"passed_time":396.1060949,"remaining_time":112.3741296},
{"learn":[0.08335287682],"iteration":779,"passed_time":396.6028779,"remaining_time":111.8623502},
{"learn":[0.08324096852],"iteration":780,"passed_time":397.1028247,"remaining_time":111.3514963},
{"learn":[0.08315765822],"iteration":781,"passed_time":397.6036391,"remaining_time":110.8409122},
{"learn":[0.08304068341],"iteration":782,"passed_time":398.1033067,"remaining_time":110.3300352},
{"learn":[0.08295007269],"iteration":783,"passed_time":398.6033208,"remaining_time":109.8192823},
{"learn":[0.08285951675],"iteration":784,"passed_time":399.1006078,"remaining_time":109.3078098},
{"learn":[0.08271134659],"iteration":785,"passed_time":399.5918533,"remaining_time":108.7947285},
{"learn":[0.08266044319],"iteration":786,"passed_time":400.0856641,"remaining_time":108.282397},
{"learn":[0.08257754998],"iteration":787,"passed_time":400.5802041,"remaining_time":107.7703087},
{"learn":[0.0824789513],"iteration":788,"passed_time":401.0699712,"remaining_time":107.2569885},
{"learn":[0.08241704824],"iteration":789,"passed_time":401.5673944,"remaining_time":106.7457631},
{"learn":[0.08234686125],"iteration":790,"passed_time":402.0665428,"remaining_time":106.2350284},
{"learn":[0.08227599701],"iteration":791,"passed_time":402.569989,"remaining_time":105.7254517},
{"learn":[0.08215573129],"iteration":792,"passed_time":403.0787948,"remaining_time":105.2172894},
{"learn":[0.08203833374],"iteration":793,"passed_time":403.5799772,"remaining_time":104.7071477},
{"learn":[0.08196503179],"iteration":794,"passed_time":404.081729,"remaining_time":104.1971754},
{"learn":[0.08187660982],"iteration":795,"passed_time":404.594629,"remaining_time":103.6900808},
{"learn":[0.08184244746],"iteration":796,"passed_time":405.0922887,"remaining_time":103.1790898},
{"learn":[0.08176410983],"iteration":797,"passed_time":405.5922786,"remaining_time":102.6687221},
{"learn":[0.08168976503],"iteration":798,"passed_time":406.0930975,"remaining_time":102.158589},
{"learn":[0.08160358057],"iteration":799,"passed_time":406.5942237,"remaining_time":101.6485559},
{"learn":[0.08152314605],"iteration":800,"passed_time":407.2073587,"remaining_time":101.1663725},
{"learn":[0.08141833137],"iteration":801,"passed_time":407.834714,"remaining_time":100.6873733},
{"learn":[0.08133124098],"iteration":802,"passed_time":408.3878281,"remaining_time":100.189791},
{"learn":[0.08125071183],"iteration":803,"passed_time":408.8732375,"remaining_time":99.67556536},
{"learn":[0.08113527071],"iteration":804,"passed_time":409.3715128,"remaining_time":99.16452795},
{"learn":[0.08107344316],"iteration":805,"passed_time":409.8666289,"remaining_time":98.65276179},
{"learn":[0.0810284149],"iteration":806,"passed_time":410.3566294,"remaining_time":98.13981347},
{"learn":[0.08094284007],"iteration":807,"passed_time":410.8562703,"remaining_time":97.62921273},
{"learn":[0.08088996146],"iteration":808,"passed_time":411.354018,"remaining_time":97.11819213},
{"learn":[0.08081738441],"iteration":809,"passed_time":411.8570219,"remaining_time":96.60843724},
{"learn":[0.08074445743],"iteration":810,"passed_time":412.3571912,"remaining_time":96.09803839},
{"learn":[0.08064416174],"iteration":811,"passed_time":412.8521107,"remaining_time":95.58644927},
{"learn":[0.08058671882],"iteration":812,"passed_time":413.3449296,"remaining_time":95.074418},
{"learn":[0.08051908108],"iteration":813,"passed_time":413.8398161,"remaining_time":94.56290639},
{"learn":[0.08046312493],"iteration":814,"passed_time":414.3435863,"remaining_time":94.05345211},
{"learn":[0.08033741079],"iteration":815,"passed_time":414.8627709,"remaining_time":93.54748756},
{"learn":[0.08023555294],"iteration":816,"passed_time":415.3802458,"remaining_time":93.04110769},
{"learn":[0.08015849576],"iteration":817,"passed_time":415.8745984,"remaining_time":92.52955612},
{"learn":[0.0800655615],"iteration":818,"passed_time":416.3768803,"remaining_time":92.01979893},
{"learn":[0.08000024477],"iteration":819,"passed_time":416.8822194,"remaining_time":91.51073109},
{"learn":[0.07991220782],"iteration":820,"passed_time":417.3742071,"remaining_time":90.99876135},
{"learn":[0.07981611887],"iteration":821,"passed_time":417.8695109,"remaining_time":90.48755832},
{"learn":[0.07970764376],"iteration":822,"passed_time":418.3684776,"remaining_time":89.9771817},
{"learn":[0.07963979719],"iteration":823,"passed_time":418.8683988,"remaining_time":89.46703664},
{"learn":[0.07957332295],"iteration":824,"passed_time":419.3733976,"remaining_time":88.95799344},
{"learn":[0.07950640715],"iteration":825,"passed_time":419.8762596,"remaining_time":88.4485099},
{"learn":[0.0794340473],"iteration":826,"passed_time":420.3663711,"remaining_time":87.93637509},
{"learn":[0.07935740171],"iteration":827,"passed_time":420.8698087,"remaining_time":87.42706171},
{"learn":[0.07928369938],"iteration":828,"passed_time":421.3630006,"remaining_time":86.91564911},
{"learn":[0.07920522176],"iteration":829,"passed_time":421.8425555,"remaining_time":86.40148728},
{"learn":[0.07911010084],"iteration":830,"passed_time":422.3413576,"remaining_time":85.89132302},
{"learn":[0.07902657299],"iteration":831,"passed_time":422.8450501,"remaining_time":85.38217358},
{"learn":[0.0789571297],"iteration":832,"passed_time":423.426376,"remaining_time":84.88860119},
{"learn":[0.07890161662],"iteration":833,"passed_time":424.0684066,"remaining_time":84.40690108},
{"learn":[0.07884079001],"iteration":834,"passed_time":424.6731756,"remaining_time":83.91745385},
{"learn":[0.07872847239],"iteration":835,"passed_time":425.1722516,"remaining_time":83.40699672},
{"learn":[0.07866529649],"iteration":836,"passed_time":425.6713227,"remaining_time":82.89656582},
{"learn":[0.07858029163],"iteration":837,"passed_time":426.1879158,"remaining_time":82.38954935},
{"learn":[0.07843957259],"iteration":838,"passed_time":426.7031767,"remaining_time":81.88225441},
{"learn":[0.07838896351],"iteration":839,"passed_time":427.2061894,"remaining_time":81.3726075},
{"learn":[0.0783371316],"iteration":840,"passed_time":427.7045541,"remaining_time":80.86209762},
{"learn":[0.07824857172],"iteration":841,"passed_time":428.2067985,"remaining_time":80.35234461},
{"learn":[0.07815134047],"iteration":842,"passed_time":428.7037969,"remaining_time":79.8416324},
{"learn":[0.07805215251],"iteration":843,"passed_time":429.1972904,"remaining_time":79.33030486},
{"learn":[0.07797632314],"iteration":844,"passed_time":429.6895684,"remaining_time":78.81879657},
{"learn":[0.07788867378],"iteration":845,"passed_time":430.1865587,"remaining_time":78.30819153},
{"learn":[0.07783242659],"iteration":846,"passed_time":430.6766532,"remaining_time":77.79637301},
{"learn":[0.07779909099],"iteration":847,"passed_time":431.1707028,"remaining_time":77.28531465},
{"learn":[0.07770819225],"iteration":848,"passed_time":431.6636878,"remaining_time":76.77410701},
{"learn":[0.07761917311],"iteration":849,"passed_time":432.1656343,"remaining_time":76.26452371},
{"learn":[0.07756960343],"iteration":850,"passed_time":432.6659934,"remaining_time":75.75468039},
{"learn":[0.07749949294],"iteration":851,"passed_time":433.1586256,"remaining_time":75.24351713},
{"learn":[0.07739924079],"iteration":852,"passed_time":433.6591119,"remaining_time":74.73375082},
{"learn":[0.07731872692],"iteration":853,"passed_time":434.1528741,"remaining_time":74.22285669},
{"learn":[0.077211065],"iteration":854,"passed_time":434.6506822,"remaining_time":73.7126888},
{"learn":[0.07714447092],"iteration":855,"passed_time":435.1510034,"remaining_time":73.20297254},
{"learn":[0.07709906662],"iteration":856,"passed_time":435.640524,"remaining_time":72.691476},
{"learn":[0.07699348783],"iteration":857,"passed_time":436.1385577,"remaining_time":72.18143963},
{"learn":[0.07692486483],"iteration":858,"passed_time":436.6364939,"remaining_time":71.67141518},
{"learn":[0.07686018689],"iteration":859,"passed_time":437.1475687,"remaining_time":71.16355769},
{"learn":[0.07677292468],"iteration":860,"passed_time":437.6593213,"remaining_time":70.65580216},
{"learn":[0.07670259127],"iteration":861,"passed_time":438.1602951,"remaining_time":70.14631175},
{"learn":[0.07659861745],"iteration":862,"passed_time":438.6747446,"remaining_time":69.63898032},
{"learn":[0.07651069042],"iteration":863,"passed_time":439.3285948,"remaining_time":69.15357511},
{"learn":[0.0764468012],"iteration":864,"passed_time":439.948074,"remaining_time":68.66241617},
{"learn":[0.07633268414],"iteration":865,"passed_time":440.4370158,"remaining_time":68.15076226},
{"learn":[0.07628526543],"iteration":866,"passed_time":440.9331077,"remaining_time":67.64025758},
{"learn":[0.07619354316],"iteration":867,"passed_time":441.4339884,"remaining_time":67.13051436},
{"learn":[0.07606379589],"iteration":868,"passed_time":441.9398963,"remaining_time":66.62154938},
{"learn":[0.07601282966],"iteration":869,"passed_time":442.4322628,"remaining_time":66.11056801},
{"learn":[0.07594878104],"iteration":870,"passed_time":442.9353339,"remaining_time":65.60121479},
{"learn":[0.07587606041],"iteration":871,"passed_time":443.4376082,"remaining_time":65.09175899},
{"learn":[0.07581143939],"iteration":872,"passed_time":443.9343973,"remaining_time":64.58152171},
{"learn":[0.07573562431],"iteration":873,"passed_time":444.4272942,"remaining_time":64.07075408},
{"learn":[0.07567078817],"iteration":874,"passed_time":444.9247248,"remaining_time":63.56067497},
{"learn":[0.07559329398],"iteration":875,"passed_time":445.4203647,"remaining_time":63.05037125},
{"learn":[0.07551432551],"iteration":876,"passed_time":445.9130761,"remaining_time":62.53969027},
{"learn":[0.07545100394],"iteration":877,"passed_time":446.4193557,"remaining_time":62.03093553},
{"learn":[0.07539867757],"iteration":878,"passed_time":446.9112,"remaining_time":61.52019931},
{"learn":[0.07533881338],"iteration":879,"passed_time":447.4138403,"remaining_time":61.01097822},
{"learn":[0.07523151761],"iteration":880,"passed_time":447.9279275,"remaining_time":60.50331825},
{"learn":[0.07515138755],"iteration":881,"passed_time":448.4371912,"remaining_time":59.99499836},
{"learn":[0.07510535471],"iteration":882,"passed_time":448.9332548,"remaining_time":59.4849273},
{"learn":[0.07503195047],"iteration":883,"passed_time":449.4266022,"remaining_time":58.97453151},
{"learn":[0.07495222402],"iteration":884,"passed_time":449.9287286,"remaining_time":58.46531502},
{"learn":[0.07488354301],"iteration":885,"passed_time":450.4239227,"remaining_time":57.95522256},
{"learn":[0.07477236375],"iteration":886,"passed_time":450.928064,"remaining_time":57.44630353},
{"learn":[0.07473729785],"iteration":887,"passed_time":451.4215741,"remaining_time":56.93605439},
{"learn":[0.07469438532],"iteration":888,"passed_time":451.9054293,"remaining_time":56.42463741},
{"learn":[0.07462891894],"iteration":889,"passed_time":452.3990547,"remaining_time":55.9144899},
{"learn":[0.07453852752],"iteration":890,"passed_time":452.8973065,"remaining_time":55.40494547},
{"learn":[0.07445611726],"iteration":891,"passed_time":453.393569,"remaining_time":54.89518549},
{"learn":[0.07439927504],"iteration":892,"passed_time":453.8802674,"remaining_time":54.38430976},
{"learn":[0.07433159579],"iteration":893,"passed_time":454.366771,"remaining_time":53.87346501},
{"learn":[0.07423599945],"iteration":894,"passed_time":454.8632808,"remaining_time":53.36384859},
{"learn":[0.07417352652],"iteration":895,"passed_time":455.4153389,"remaining_time":52.86070897},
{"learn":[0.07413530484],"iteration":896,"passed_time":456.0073649,"remaining_time":52.3620497},
{"learn":[0.07404959263],"iteration":897,"passed_time":456.6671063,"remaining_time":51.87087399},
{"learn":[0.07397254114],"iteration":898,"passed_time":457.1636719,"remaining_time":51.36099095},
{"learn":[0.07390733547],"iteration":899,"passed_time":457.6560723,"remaining_time":50.85067469},
{"learn":[0.07382182431],"iteration":900,"passed_time":458.1566435,"remaining_time":50.34129601},
{"learn":[0.07378440866],"iteration":901,"passed_time":458.6509276,"remaining_time":49.83125377},
{"learn":[0.07368798541],"iteration":902,"passed_time":459.1764934,"remaining_time":49.32460671},
{"learn":[0.07361383481],"iteration":903,"passed_time":459.6792064,"remaining_time":48.81549094},
{"learn":[0.07355835057],"iteration":904,"passed_time":460.1700484,"remaining_time":48.3051432},
{"learn":[0.07346913536],"iteration":905,"passed_time":460.667448,"remaining_time":47.79551888},
{"learn":[0.07339502434],"iteration":906,"passed_time":461.1665534,"remaining_time":47.28609643},
{"learn":[0.07332809938],"iteration":907,"passed_time":461.6640174,"remaining_time":46.77653039},
{"learn":[0.07322687469],"iteration":908,"passed_time":462.1620079,"remaining_time":46.2670437},
{"learn":[0.07315584799],"iteration":909,"passed_time":462.6651609,"remaining_time":45.75809284},
{"learn":[0.07307931934],"iteration":910,"passed_time":463.1587511,"remaining_time":45.24822047},
{"learn":[0.07299822611],"iteration":911,"passed_time":463.6584077,"remaining_time":44.73896916},
{"learn":[0.07292078788],"iteration":912,"passed_time":464.1504683,"remaining_time":44.22901505},
{"learn":[0.07288370552],"iteration":913,"passed_time":464.6501832,"remaining_time":43.7198203},
{"learn":[0.07282614558],"iteration":914,"passed_time":465.1562155,"remaining_time":43.21123313},
{"learn":[0.07276320125],"iteration":915,"passed_time":465.6562631,"remaining_time":42.70210273},
{"learn":[0.07263954081],"iteration":916,"passed_time":466.1613098,"remaining_time":42.19344461},
{"learn":[0.07256680886],"iteration":917,"passed_time":466.6593306,"remaining_time":41.68416679},
{"learn":[0.07249181333],"iteration":918,"passed_time":467.1523954,"remaining_time":41.17447664},
{"learn":[0.0724174746],"iteration":919,"passed_time":467.659278,"remaining_time":40.66602418},
{"learn":[0.07232411242],"iteration":920,"passed_time":468.1651455,"remaining_time":40.15748805},
{"learn":[0.07226691875],"iteration":921,"passed_time":468.6678295,"remaining_time":39.6486884},
{"learn":[0.07223774335],"iteration":922,"passed_time":469.1733844,"remaining_time":39.14014149},
{"learn":[0.07218667602],"iteration":923,"passed_time":469.6720183,"remaining_time":38.63103181},
{"learn":[0.0721331762],"iteration":924,"passed_time":470.1845137,"remaining_time":38.12306868},
{"learn":[0.07208707388],"iteration":925,"passed_time":470.7461793,"remaining_time":37.61902513},
{"learn":[0.07199475914],"iteration":926,"passed_time":471.3856658,"remaining_time":37.12098555},
{"learn":[0.07193663212],"iteration":927,"passed_time":471.9535741,"remaining_time":36.61708765},
{"learn":[0.0718360147],"iteration":928,"passed_time":472.4499193,"remaining_time":36.10758264},
{"learn":[0.07178419373],"iteration":929,"passed_time":472.9458929,"remaining_time":35.59807796},
{"learn":[0.07171027944],"iteration":930,"passed_time":473.4404306,"remaining_time":35.08849593},
{"learn":[0.07167570608],"iteration":931,"passed_time":473.93593,"remaining_time":34.57901635},
{"learn":[0.0715923177],"iteration":932,"passed_time":474.4356446,"remaining_time":34.06986944},
{"learn":[0.07151627111],"iteration":933,"passed_time":474.9305062,"remaining_time":33.5603998},
{"learn":[0.0714413372],"iteration":934,"passed_time":475.4270079,"remaining_time":33.05107542},
{"learn":[0.07138949401],"iteration":935,"passed_time":475.9176112,"remaining_time":32.54137512},
{"learn":[0.07131783473],"iteration":936,"passed_time":476.416471,"remaining_time":32.03227073},
{"learn":[0.07127114473],"iteration":937,"passed_time":476.9075672,"remaining_time":31.52267502},
{"learn":[0.07123951942],"iteration":938,"passed_time":477.4092383,"remaining_time":31.01380568},
{"learn":[0.07111625199],"iteration":939,"passed_time":477.9141893,"remaining_time":30.50516102},
{"learn":[0.07104566528],"iteration":940,"passed_time":478.4119424,"remaining_time":29.9960729},
{"learn":[0.07097928757],"iteration":941,"passed_time":478.9061619,"remaining_time":29.48679128},
{"learn":[0.07091970032],"iteration":942,"passed_time":479.4116587,"remaining_time":28.97822327},
{"learn":[0.07087409802],"iteration":943,"passed_time":479.9129456,"remaining_time":28.46941203},
{"learn":[0.07078692951],"iteration":944,"passed_time":480.4141634,"remaining_time":27.96061269},
{"learn":[0.0707338353],"iteration":945,"passed_time":480.9298794,"remaining_time":27.45265696},
{"learn":[0.07063883421],"iteration":946,"passed_time":481.4365215,"remaining_time":26.94417702},
{"learn":[0.07059562921],"iteration":947,"passed_time":481.9286192,"remaining_time":26.43490316},
{"learn":[0.07052143569],"iteration":948,"passed_time":482.4224593,"remaining_time":25.92575914},
{"learn":[0.07043634463],"iteration":949,"passed_time":482.9242745,"remaining_time":25.41706708},
{"learn":[0.0703872228],"iteration":950,"passed_time":483.4298975,"remaining_time":24.90858567},
{"learn":[0.07031262301],"iteration":951,"passed_time":483.9220034,"remaining_time":24.39942874},
{"learn":[0.0702610815],"iteration":952,"passed_time":484.410601,"remaining_time":23.89013457},
{"learn":[0.07017308447],"iteration":953,"passed_time":484.9142797,"remaining_time":23.38161097},
{"learn":[0.07012572725],"iteration":954,"passed_time":485.4083232,"remaining_time":22.8726435},
{"learn":[0.07007743228],"iteration":955,"passed_time":485.8984758,"remaining_time":22.36352817},
{"learn":[0.06998721191],"iteration":956,"passed_time":486.3973821,"remaining_time":21.8548458},
{"learn":[0.06994219237],"iteration":957,"passed_time":486.8966273,"remaining_time":21.34619869},
{"learn":[0.06988003447],"iteration":958,"passed_time":487.4405172,"remaining_time":20.83947988},
{"learn":[0.0698228337],"iteration":959,"passed_time":488.0598319,"remaining_time":20.33582633},
{"learn":[0.06973014091],"iteration":960,"passed_time":488.6830115,"remaining_time":19.83208892},
{"learn":[0.06965343849],"iteration":961,"passed_time":489.2135533,"remaining_time":19.32444389},
{"learn":[0.06960262462],"iteration":962,"passed_time":489.7113617,"remaining_time":18.81549365},
{"learn":[0.06951268425],"iteration":963,"passed_time":490.2195261,"remaining_time":18.30695326},
{"learn":[0.06945887644],"iteration":964,"passed_time":490.7249139,"remaining_time":17.79831294},
{"learn":[0.06938357469],"iteration":965,"passed_time":491.2255673,"remaining_time":17.28951272},
{"learn":[0.06932067951],"iteration":966,"passed_time":491.7430019,"remaining_time":16.78130203},
{"learn":[0.0692735736],"iteration":967,"passed_time":492.2692278,"remaining_time":16.2733629},
{"learn":[0.06920746243],"iteration":968,"passed_time":492.7703962,"remaining_time":15.7645844},
{"learn":[0.06915480553],"iteration":969,"passed_time":493.2675279,"remaining_time":15.25569674},
{"learn":[0.06906136093],"iteration":970,"passed_time":493.7676591,"remaining_time":14.74692288},
{"learn":[0.06899593491],"iteration":971,"passed_time":494.2655043,"remaining_time":14.23810095},
{"learn":[0.0689166564],"iteration":972,"passed_time":494.7593279,"remaining_time":13.72918998},
{"learn":[0.06888155134],"iteration":973,"passed_time":495.2610137,"remaining_time":13.22051987},
{"learn":[0.06882824334],"iteration":974,"passed_time":495.7543317,"remaining_time":12.71164953},
{"learn":[0.0687746578],"iteration":975,"passed_time":496.2415325,"remaining_time":12.20266063},
{"learn":[0.06867142814],"iteration":976,"passed_time":496.7378372,"remaining_time":11.69393066},
{"learn":[0.06863168543],"iteration":977,"passed_time":497.2229917,"remaining_time":11.18497527},
{"learn":[0.06858018283],"iteration":978,"passed_time":497.7163014,"remaining_time":10.67624344},
{"learn":[0.0685248587],"iteration":979,"passed_time":498.2155823,"remaining_time":10.16766494},
{"learn":[0.06846097997],"iteration":980,"passed_time":498.7126543,"remaining_time":9.659062621},
{"learn":[0.06837476995],"iteration":981,"passed_time":499.2109408,"remaining_time":9.150506044},
{"learn":[0.06830938067],"iteration":982,"passed_time":499.7052783,"remaining_time":8.641902066},
{"learn":[0.06828192825],"iteration":983,"passed_time":500.2010501,"remaining_time":8.133350409},
{"learn":[0.06824829122],"iteration":984,"passed_time":500.7004612,"remaining_time":7.62488012},
{"learn":[0.06817369686],"iteration":985,"passed_time":501.1917938,"remaining_time":7.116313503},
{"learn":[0.06812237002],"iteration":986,"passed_time":501.6841784,"remaining_time":6.607795663},
{"learn":[0.06808098669],"iteration":987,"passed_time":502.1776291,"remaining_time":6.09932343},
{"learn":[0.06804212933],"iteration":988,"passed_time":502.8115012,"remaining_time":5.592443391},
{"learn":[0.06798034619],"iteration":989,"passed_time":503.460946,"remaining_time":5.085464101},
{"learn":[0.06791590693],"iteration":990,"passed_time":503.9875477,"remaining_time":4.577081664},
{"learn":[0.06783060768],"iteration":991,"passed_time":504.4879106,"remaining_time":4.068450892},
{"learn":[0.06779333012],"iteration":992,"passed_time":504.9821184,"remaining_time":3.559793382},
{"learn":[0.06772621804],"iteration":993,"passed_time":505.4882034,"remaining_time":3.05123664},
{"learn":[0.06767866062],"iteration":994,"passed_time":505.9799876,"remaining_time":2.542613003},
{"learn":[0.0676115177],"iteration":995,"passed_time":506.4709281,"remaining_time":2.034019792},
{"learn":[0.06756779267],"iteration":996,"passed_time":506.9657943,"remaining_time":1.525473804},
{"learn":[0.06751862632],"iteration":997,"passed_time":507.468822,"remaining_time":1.016971587},
{"learn":[0.06747717872],"iteration":998,"passed_time":507.9672267,"remaining_time":0.5084757024},
{"learn":[0.06740482007],"iteration":999,"passed_time":508.4583165,"remaining_time":0}
]}