{
"meta":{"test_sets":[],"test_metrics":[],"learn_metrics":[{"best_value":"Min","name":"MultiClass"}],"launch_mode":"Train","parameters":"","iteration_count":1000,"learn_sets":["learn"],"name":"experiment"},
"iterations":[
{"learn":[2.763649691],"iteration":0,"passed_time":0.7274173348,"remaining_time":726.6899175},
{"learn":[2.327800091],"iteration":1,"passed_time":1.51151077,"remaining_time":754.2438741},
{"learn":[1.999398045],"iteration":2,"passed_time":2.244463884,"remaining_time":745.9101642},
{"learn":[1.7625338],"iteration":3,"passed_time":3.156788299,"remaining_time":786.0402864},
{"learn":[1.612469094],"iteration":4,"passed_time":3.970372701,"remaining_time":790.1041674},
{"learn":[1.533455656],"iteration":5,"passed_time":4.606685173,"remaining_time":763.174177},
{"learn":[1.423474031],"iteration":6,"passed_time":5.233471884,"remaining_time":742.4053687},
{"learn":[1.328878987],"iteration":7,"passed_time":5.85668203,"remaining_time":726.2285718},
{"learn":[1.244748405],"iteration":8,"passed_time":6.484676999,"remaining_time":714.0349896},
{"learn":[1.191812017],"iteration":9,"passed_time":7.11530246,"remaining_time":704.4149435},
{"learn":[1.13276896],"iteration":10,"passed_time":7.740918522,"remaining_time":695.9789472},
{"learn":[1.07873227],"iteration":11,"passed_time":8.365231024,"remaining_time":688.7373543},
{"learn":[1.033115135],"iteration":12,"passed_time":9.002446563,"remaining_time":683.4934429},
{"learn":[0.9924846035],"iteration":13,"passed_time":9.624286319,"remaining_time":677.8247365},
{"learn":[0.9525986651],"iteration":14,"passed_time":10.27270889,"remaining_time":674.5745506},
{"learn":[0.9183479621],"iteration":15,"passed_time":10.90925691,"remaining_time":670.9192999},
{"learn":[0.8867772288],"iteration":16,"passed_time":11.54237705,"remaining_time":667.4209786},
{"learn":[0.8506775398],"iteration":17,"passed_time":12.16978973,"remaining_time":663.9296399},
{"learn":[0.8200068999],"iteration":18,"passed_time":12.80988087,"remaining_time":661.3943756},
{"learn":[0.7919153036],"iteration":19,"passed_time":13.43096265,"remaining_time":658.1171696},
{"learn":[0.767107614],"iteration":20,"passed_time":14.09855909,"remaining_time":657.2613975},
{"learn":[0.7404960512],"iteration":21,"passed_time":14.72073127,"remaining_time":654.4034175},
{"learn":[0.7153754277],"iteration":22,"passed_time":15.34774552,"remaining_time":651.9455379},
{"learn":[0.681982986],"iteration":23,"passed_time":15.96159361,"remaining_time":649.1048068},
{"learn":[0.6614823952],"iteration":24,"passed_time":16.58158267,"remaining_time":646.6817241},
{"learn":[0.6393042813],"iteration":25,"passed_time":17.19838096,"remaining_time":644.2778098},
{"learn":[0.6201575004],"iteration":26,"passed_time":17.82174441,"remaining_time":642.2428634},
{"learn":[0.5991936326],"iteration":27,"passed_time":18.43191089,"remaining_time":639.8506208},
{"learn":[0.579290543],"iteration":28,"passed_time":19.04871717,"remaining_time":637.8035992},
{"learn":[0.5629158219],"iteration":29,"passed_time":19.67161948,"remaining_time":636.0490298},
{"learn":[0.5486422024],"iteration":30,"passed_time":20.28945255,"remaining_time":634.2090169},
{"learn":[0.5330452399],"iteration":31,"passed_time":20.8979068,"remaining_time":632.1616806},
{"learn":[0.5190363659],"iteration":32,"passed_time":21.51337941,"remaining_time":630.4072087},
{"learn":[0.5048817852],"iteration":33,"passed_time":22.12670163,"remaining_time":628.6586406},
{"learn":[0.4917579994],"iteration":34,"passed_time":22.74728663,"remaining_time":627.1751884},
{"learn":[0.4708856573],"iteration":35,"passed_time":23.35538476,"remaining_time":625.4053031},
{"learn":[0.458113236],"iteration":36,"passed_time":23.96909931,"remaining_time":623.8443955},
{"learn":[0.4454814925],"iteration":37,"passed_time":24.58205085,"remaining_time":622.3140243},
{"learn":[0.4315064274],"iteration":38,"passed_time":25.25083956,"remaining_time":622.2065851},
{"learn":[0.4122142771],"iteration":39,"passed_time":25.88083395,"remaining_time":621.1400149},
{"learn":[0.4011823488],"iteration":40,"passed_time":26.50264271,"remaining_time":619.9032771},
{"learn":[0.3913360073],"iteration":41,"passed_time":27.11517647,"remaining_time":618.4842634},
{"learn":[0.3826980726],"iteration":42,"passed_time":27.72327208,"remaining_time":617.0039856},
{"learn":[0.3735824139],"iteration":43,"passed_time":28.32868633,"remaining_time":615.5050939},
{"learn":[0.3615751262],"iteration":44,"passed_time":28.94633955,"remaining_time":614.3056504},
{"learn":[0.347950138],"iteration":45,"passed_time":29.56877478,"remaining_time":613.230677},
{"learn":[0.3387639229],"iteration":46,"passed_time":30.18912469,"remaining_time":612.1326771},
{"learn":[0.3290515141],"iteration":47,"passed_time":30.79221028,"remaining_time":610.7121706},
{"learn":[0.3187709985],"iteration":48,"passed_time":31.41281164,"remaining_time":609.6649769},
{"learn":[0.3105097977],"iteration":49,"passed_time":32.01546996,"remaining_time":608.2939293},
{"learn":[0.3030008786],"iteration":50,"passed_time":32.65125656,"remaining_time":607.5694603},
{"learn":[0.294653037],"iteration":51,"passed_time":33.36154033,"remaining_time":608.206543},
{"learn":[0.2889750677],"iteration":52,"passed_time":34.16979892,"remaining_time":610.5433882},
{"learn":[0.2835287054],"iteration":53,"passed_time":35.16891331,"remaining_time":616.1072591},
{"learn":[0.2753091462],"iteration":54,"passed_time":35.9082241,"remaining_time":616.9685776},
{"learn":[0.2687096839],"iteration":55,"passed_time":36.54595799,"remaining_time":616.0604346},
{"learn":[0.2641106128],"iteration":56,"passed_time":37.159206,"remaining_time":614.7566887},
{"learn":[0.2582914438],"iteration":57,"passed_time":37.76550615,"remaining_time":613.3639102},
{"learn":[0.2514188792],"iteration":58,"passed_time":38.38367576,"remaining_time":612.1870998},
{"learn":[0.2461458595],"iteration":59,"passed_time":39.00013783,"remaining_time":611.0021594},
{"learn":[0.2404085173],"iteration":60,"passed_time":39.60081888,"remaining_time":609.5929332},
{"learn":[0.2360661998],"iteration":61,"passed_time":40.21164805,"remaining_time":608.3633204},
{"learn":[0.2317774529],"iteration":62,"passed_time":40.81643237,"remaining_time":607.0634465},
{"learn":[0.2262096295],"iteration":63,"passed_time":41.42814916,"remaining_time":605.8866814},
{"learn":[0.2225490188],"iteration":64,"passed_time":42.03494322,"remaining_time":604.6564909},
{"learn":[0.2193265374],"iteration":65,"passed_time":42.65715704,"remaining_time":603.6634042},
{"learn":[0.2164396333],"iteration":66,"passed_time":43.26558221,"remaining_time":602.4893762},
{"learn":[0.2132200199],"iteration":67,"passed_time":43.88502385,"remaining_time":601.482974},
{"learn":[0.2105888111],"iteration":68,"passed_time":44.49040323,"remaining_time":600.2980494},
{"learn":[0.2069710562],"iteration":69,"passed_time":45.10714349,"remaining_time":599.2806207},
{"learn":[0.2037970861],"iteration":70,"passed_time":45.71351622,"remaining_time":598.1388249},
{"learn":[0.2000376442],"iteration":71,"passed_time":46.32647462,"remaining_time":597.0967839},
{"learn":[0.1968518108],"iteration":72,"passed_time":46.95085559,"remaining_time":596.2115498},
{"learn":[0.1938305402],"iteration":73,"passed_time":47.59837035,"remaining_time":595.6228505},
{"learn":[0.1909984333],"iteration":74,"passed_time":48.21964966,"remaining_time":594.7090125},
{"learn":[0.187876026],"iteration":75,"passed_time":48.83071735,"remaining_time":593.6787215},
{"learn":[0.1854034616],"iteration":76,"passed_time":49.4428153,"remaining_time":592.6716691},
{"learn":[0.1832589615],"iteration":77,"passed_time":50.05138607,"remaining_time":591.6330507},
{"learn":[0.1805986772],"iteration":78,"passed_time":50.66465415,"remaining_time":590.6600819},
{"learn":[0.177968467],"iteration":79,"passed_time":51.29157526,"remaining_time":589.8531155},
{"learn":[0.1755229277],"iteration":80,"passed_time":51.90407558,"remaining_time":588.886981},
{"learn":[0.1738635899],"iteration":81,"passed_time":52.5314636,"remaining_time":588.0961413},
{"learn":[0.1717209946],"iteration":82,"passed_time":53.14246601,"remaining_time":587.1282088},
{"learn":[0.1696073803],"iteration":83,"passed_time":53.76569927,"remaining_time":586.3021492},
{"learn":[0.167375535],"iteration":84,"passed_time":54.38033596,"remaining_time":585.3883224},
{"learn":[0.1654253598],"iteration":85,"passed_time":54.99618641,"remaining_time":584.4943532},
{"learn":[0.1636449088],"iteration":86,"passed_time":55.60455778,"remaining_time":583.5282903},
{"learn":[0.1616837948],"iteration":87,"passed_time":56.2224457,"remaining_time":582.6689827},
{"learn":[0.1601743727],"iteration":88,"passed_time":56.83725385,"remaining_time":581.7835759},
{"learn":[0.1583783436],"iteration":89,"passed_time":57.44426471,"remaining_time":580.8253432},
{"learn":[0.1564702816],"iteration":90,"passed_time":58.10291362,"remaining_time":580.3906427},
{"learn":[0.154842691],"iteration":91,"passed_time":58.73756867,"remaining_time":579.7142647},
{"learn":[0.1538768614],"iteration":92,"passed_time":59.37760986,"remaining_time":579.0913134},
{"learn":[0.1522980815],"iteration":93,"passed_time":60.00945489,"remaining_time":578.3890014},
{"learn":[0.1512827337],"iteration":94,"passed_time":60.64305283,"remaining_time":577.7048717},
{"learn":[0.1502219765],"iteration":95,"passed_time":61.26778093,"remaining_time":576.9382704},
{"learn":[0.1490500916],"iteration":96,"passed_time":61.88675495,"remaining_time":576.1210281},
{"learn":[0.1480237988],"iteration":97,"passed_time":62.53060882,"remaining_time":575.5368282},
{"learn":[0.1468326911],"iteration":98,"passed_time":63.16351017,"remaining_time":574.8517441},
{"learn":[0.1460417582],"iteration":99,"passed_time":63.79136855,"remaining_time":574.122317},
{"learn":[0.1450819183],"iteration":100,"passed_time":64.42340517,"remaining_time":573.4320916},
{"learn":[0.1441737362],"iteration":101,"passed_time":65.06621694,"remaining_time":572.8378707},
{"learn":[0.1434904392],"iteration":102,"passed_time":65.82619423,"remaining_time":573.2630702},
{"learn":[0.142257686],"iteration":103,"passed_time":66.84632886,"remaining_time":575.9068332},
{"learn":[0.1411784536],"iteration":104,"passed_time":67.74288936,"remaining_time":577.4274855},
{"learn":[0.1400643031],"iteration":105,"passed_time":68.35369814,"remaining_time":576.4925107},
{"learn":[0.1392256101],"iteration":106,"passed_time":68.9773729,"remaining_time":575.670972},
{"learn":[0.1383464357],"iteration":107,"passed_time":69.62607252,"remaining_time":575.0597841},
{"learn":[0.1371096176],"iteration":108,"passed_time":70.25009479,"remaining_time":574.2461877},
{"learn":[0.1361266105],"iteration":109,"passed_time":70.86954372,"remaining_time":573.3990356},
{"learn":[0.1352075292],"iteration":110,"passed_time":71.48192698,"remaining_time":572.4993972},
{"learn":[0.1345422646],"iteration":111,"passed_time":72.0936714,"remaining_time":571.5998232},
{"learn":[0.1334936928],"iteration":112,"passed_time":72.70638319,"remaining_time":570.7129371},
{"learn":[0.1328300624],"iteration":113,"passed_time":73.30813707,"remaining_time":569.7456969},
{"learn":[0.1317280765],"iteration":114,"passed_time":73.9189747,"remaining_time":568.8547184},
{"learn":[0.1310597044],"iteration":115,"passed_time":74.52577732,"remaining_time":567.9378203},
{"learn":[0.1304946015],"iteration":116,"passed_time":75.12765137,"remaining_time":566.989027},
{"learn":[0.1299035902],"iteration":117,"passed_time":75.72741002,"remaining_time":566.030302},
{"learn":[0.1291286867],"iteration":118,"passed_time":76.35024284,"remaining_time":565.2484365},
{"learn":[0.1281446391],"iteration":119,"passed_time":76.96117071,"remaining_time":564.3819185},
{"learn":[0.127248144],"iteration":120,"passed_time":77.57616636,"remaining_time":563.5491754},
{"learn":[0.1267026875],"iteration":121,"passed_time":78.18535634,"remaining_time":562.6782202},
{"learn":[0.1261986058],"iteration":122,"passed_time":78.80556465,"remaining_time":561.8900829},
{"learn":[0.1255353251],"iteration":123,"passed_time":79.42487182,"remaining_time":561.098288},
{"learn":[0.1249469539],"iteration":124,"passed_time":80.08112523,"remaining_time":560.5678766},
{"learn":[0.1245424196],"iteration":125,"passed_time":80.69163502,"remaining_time":559.7181668},
{"learn":[0.1238308878],"iteration":126,"passed_time":81.31188332,"remaining_time":558.9391664},
{"learn":[0.1231425558],"iteration":127,"passed_time":81.92346625,"remaining_time":558.1036138},
{"learn":[0.1222798917],"iteration":128,"passed_time":82.5360875,"remaining_time":557.2785443},
{"learn":[0.1216330526],"iteration":129,"passed_time":83.1534122,"remaining_time":556.4882201},
{"learn":[0.1209790687],"iteration":130,"passed_time":83.76784511,"remaining_time":555.6813542},
{"learn":[0.120478366],"iteration":131,"passed_time":84.37724422,"remaining_time":554.8443029},
{"learn":[0.120046194],"iteration":132,"passed_time":84.99011812,"remaining_time":554.0333264},
{"learn":[0.1193503986],"iteration":133,"passed_time":85.62751787,"remaining_time":553.3838095},
{"learn":[0.1187419928],"iteration":134,"passed_time":86.24098563,"remaining_time":552.5811301},
{"learn":[0.1183799917],"iteration":135,"passed_time":86.85265307,"remaining_time":551.769796},
{"learn":[0.1178974588],"iteration":136,"passed_time":87.47153767,"remaining_time":551.0068395},
{"learn":[0.1174160677],"iteration":137,"passed_time":88.08195774,"remaining_time":550.1930983},
{"learn":[0.1170276469],"iteration":138,"passed_time":88.70407562,"remaining_time":549.4547418},
{"learn":[0.1164170212],"iteration":139,"passed_time":89.32381066,"remaining_time":548.7034083},
{"learn":[0.1157087871],"iteration":140,"passed_time":89.95196687,"remaining_time":548.005245},
{"learn":[0.1148568702],"iteration":141,"passed_time":90.56616457,"remaining_time":547.2237268},
{"learn":[0.1144184028],"iteration":142,"passed_time":91.22503862,"remaining_time":546.7122944},
{"learn":[0.1138273235],"iteration":143,"passed_time":91.83976746,"remaining_time":545.9363955},
{"learn":[0.1134342178],"iteration":144,"passed_time":92.46567051,"remaining_time":545.2286089},
{"learn":[0.1130757671],"iteration":145,"passed_time":93.08230278,"remaining_time":544.4677163},
{"learn":[0.1125813551],"iteration":146,"passed_time":93.69968327,"remaining_time":543.7131281},
{"learn":[0.1121888102],"iteration":147,"passed_time":94.31296041,"remaining_time":542.9367721},
{"learn":[0.1115852873],"iteration":148,"passed_time":94.93051023,"remaining_time":542.1870081},
{"learn":[0.1111881341],"iteration":149,"passed_time":95.54176428,"remaining_time":541.4033309},
{"learn":[0.1106367967],"iteration":150,"passed_time":96.15045338,"remaining_time":540.607516},
{"learn":[0.1099170886],"iteration":151,"passed_time":96.77245361,"remaining_time":539.8884254},
{"learn":[0.1091498687],"iteration":152,"passed_time":97.39665347,"remaining_time":539.182781},
{"learn":[0.1087640993],"iteration":153,"passed_time":98.25398272,"remaining_time":539.7588921},
{"learn":[0.1082883456],"iteration":154,"passed_time":99.23929916,"remaining_time":541.0142438},
{"learn":[0.1080178802],"iteration":155,"passed_time":100.0606536,"remaining_time":541.3537928},
{"learn":[0.1077797496],"iteration":156,"passed_time":100.6834373,"remaining_time":540.6123416},
{"learn":[0.1074544209],"iteration":157,"passed_time":101.3018388,"remaining_time":539.8490396},
{"learn":[0.106865951],"iteration":158,"passed_time":101.9268472,"remaining_time":539.122506},
{"learn":[0.1063665071],"iteration":159,"passed_time":102.5768221,"remaining_time":538.5283161},
{"learn":[0.105833027],"iteration":160,"passed_time":103.1853894,"remaining_time":537.7176503},
{"learn":[0.1052124505],"iteration":161,"passed_time":103.7945669,"remaining_time":536.9126359},
{"learn":[0.1049827358],"iteration":162,"passed_time":104.4054968,"remaining_time":536.1190237},
{"learn":[0.1044046042],"iteration":163,"passed_time":105.0242833,"remaining_time":535.3676879},
{"learn":[0.1039850705],"iteration":164,"passed_time":105.6355082,"remaining_time":534.5796931},
{"learn":[0.103638434],"iteration":165,"passed_time":106.2529606,"remaining_time":533.8251153},
{"learn":[0.1032390384],"iteration":166,"passed_time":106.8667607,"remaining_time":533.0539623},
{"learn":[0.1028771408],"iteration":167,"passed_time":107.4780924,"remaining_time":532.2724577},
{"learn":[0.1025516526],"iteration":168,"passed_time":108.0968636,"remaining_time":531.5295482},
{"learn":[0.1022229579],"iteration":169,"passed_time":108.7110251,"remaining_time":530.7655932},
{"learn":[0.1017621976],"iteration":170,"passed_time":109.3188035,"remaining_time":529.9724449},
{"learn":[0.1012579847],"iteration":171,"passed_time":109.9360264,"remaining_time":529.2269177},
{"learn":[0.1007760353],"iteration":172,"passed_time":110.5456848,"remaining_time":528.4467128},
{"learn":[0.1004340107],"iteration":173,"passed_time":111.155807,"remaining_time":527.67067},
{"learn":[0.09993255163],"iteration":174,"passed_time":111.7721046,"remaining_time":526.925636},
{"learn":[0.0996377057],"iteration":175,"passed_time":112.3984967,"remaining_time":526.2293253},
{"learn":[0.09918879886],"iteration":176,"passed_time":113.0405919,"remaining_time":525.60682},
{"learn":[0.09891416851],"iteration":177,"passed_time":113.6486511,"remaining_time":524.826917},
{"learn":[0.0983908624],"iteration":178,"passed_time":114.2597268,"remaining_time":524.0627693},
{"learn":[0.09793767491],"iteration":179,"passed_time":114.8680874,"remaining_time":523.2879538},
{"learn":[0.09757225785],"iteration":180,"passed_time":115.4864489,"remaining_time":522.5602301},
{"learn":[0.09737207785],"iteration":181,"passed_time":116.0829788,"remaining_time":521.735586},
{"learn":[0.09698613223],"iteration":182,"passed_time":116.7011247,"remaining_time":521.0099394},
{"learn":[0.09651124023],"iteration":183,"passed_time":117.3148454,"remaining_time":520.2658362},
{"learn":[0.09618131818],"iteration":184,"passed_time":117.9271381,"remaining_time":519.5168518},
{"learn":[0.09577412165],"iteration":185,"passed_time":118.5322744,"remaining_time":518.7380182},
{"learn":[0.09524557056],"iteration":186,"passed_time":119.1405065,"remaining_time":517.9745014},
{"learn":[0.09509391028],"iteration":187,"passed_time":119.75657,"remaining_time":517.2464618},
{"learn":[0.09464847623],"iteration":188,"passed_time":120.3675713,"remaining_time":516.4978855},
{"learn":[0.09427230983],"iteration":189,"passed_time":120.9938669,"remaining_time":515.8159588},
{"learn":[0.09391593049],"iteration":190,"passed_time":121.6298831,"remaining_time":515.1757874},
{"learn":[0.09343464388],"iteration":191,"passed_time":122.267528,"remaining_time":514.5425135},
{"learn":[0.09324473049],"iteration":192,"passed_time":122.9024215,"remaining_time":513.8976899},
{"learn":[0.09305520855],"iteration":193,"passed_time":123.5192679,"remaining_time":513.1779891},
{"learn":[0.0926056962],"iteration":194,"passed_time":124.1792623,"remaining_time":512.6374676},
{"learn":[0.09226246395],"iteration":195,"passed_time":124.7875115,"remaining_time":511.8834655},
{"learn":[0.09197587639],"iteration":196,"passed_time":125.398965,"remaining_time":511.1440044},
{"learn":[0.09171893171],"iteration":197,"passed_time":126.0052401,"remaining_time":510.3848615},
{"learn":[0.09149896289],"iteration":198,"passed_time":126.6261224,"remaining_time":509.6860506},
{"learn":[0.09113408136],"iteration":199,"passed_time":127.2427536,"remaining_time":508.9710143},
{"learn":[0.09091496249],"iteration":200,"passed_time":127.8580802,"remaining_time":508.2517715},
{"learn":[0.09068766418],"iteration":201,"passed_time":128.4688369,"remaining_time":507.5155041},
{"learn":[0.09045887617],"iteration":202,"passed_time":129.0775229,"remaining_time":506.7723435},
{"learn":[0.09017664595],"iteration":203,"passed_time":129.6921297,"remaining_time":506.0536043},
{"learn":[0.08997762483],"iteration":204,"passed_time":130.5019802,"remaining_time":506.0930451},
{"learn":[0.0897377415],"iteration":205,"passed_time":131.4119033,"remaining_time":506.5099575},
{"learn":[0.08946210109],"iteration":206,"passed_time":132.1754653,"remaining_time":506.3533525},
{"learn":[0.08920230556],"iteration":207,"passed_time":132.9369647,"remaining_time":506.1830579},
{"learn":[0.08905977045],"iteration":208,"passed_time":133.5466168,"remaining_time":505.4324111},
{"learn":[0.0887175081],"iteration":209,"passed_time":134.1673326,"remaining_time":504.7247272},
{"learn":[0.08831119708],"iteration":210,"passed_time":134.7914122,"remaining_time":504.0304467},
{"learn":[0.08781133306],"iteration":211,"passed_time":135.429952,"remaining_time":503.3905761},
{"learn":[0.08741815286],"iteration":212,"passed_time":136.0412919,"remaining_time":502.6502195},
{"learn":[0.08719874707],"iteration":213,"passed_time":136.664839,"remaining_time":501.9559041},
{"learn":[0.08692403871],"iteration":214,"passed_time":137.2839823,"remaining_time":501.2461678},
{"learn":[0.0863949165],"iteration":215,"passed_time":137.9106479,"remaining_time":500.564574},
{"learn":[0.08603795339],"iteration":216,"passed_time":138.5246353,"remaining_time":499.8377392},
{"learn":[0.0858665225],"iteration":217,"passed_time":139.1336534,"remaining_time":499.0941146},
{"learn":[0.08566364204],"iteration":218,"passed_time":139.7460183,"remaining_time":498.3636543},
{"learn":[0.08528190832],"iteration":219,"passed_time":140.3616258,"remaining_time":497.6457642},
{"learn":[0.08507257623],"iteration":220,"passed_time":140.9629811,"remaining_time":496.8785622},
{"learn":[0.08471324555],"iteration":221,"passed_time":141.5815179,"remaining_time":496.1730672},
{"learn":[0.0844519825],"iteration":222,"passed_time":142.2047705,"remaining_time":495.4847832},
{"learn":[0.08410109255],"iteration":223,"passed_time":142.8054439,"remaining_time":494.7188592},
{"learn":[0.08382332574],"iteration":224,"passed_time":143.4137396,"remaining_time":493.9806586},
{"learn":[0.08341457935],"iteration":225,"passed_time":144.0320163,"remaining_time":493.2777903},
{"learn":[0.08324218837],"iteration":226,"passed_time":144.6379849,"remaining_time":492.5337549},
{"learn":[0.08301358917],"iteration":227,"passed_time":145.2626031,"remaining_time":491.8540771},
{"learn":[0.08285678198],"iteration":228,"passed_time":145.894862,"remaining_time":491.2006051},
{"learn":[0.08262128357],"iteration":229,"passed_time":146.5367221,"remaining_time":490.5794611},
{"learn":[0.08251954425],"iteration":230,"passed_time":147.1461332,"remaining_time":489.8501144},
{"learn":[0.08225134084],"iteration":231,"passed_time":147.758154,"remaining_time":489.1304407},
{"learn":[0.08193984742],"iteration":232,"passed_time":148.3582069,"remaining_time":488.3722948},
{"learn":[0.08177043248],"iteration":233,"passed_time":148.9692367,"remaining_time":487.6514329},
{"learn":[0.08137564478],"iteration":234,"passed_time":149.5906045,"remaining_time":486.9651593},
{"learn":[0.08118432447],"iteration":235,"passed_time":150.2111657,"remaining_time":486.2768245},
{"learn":[0.08086887841],"iteration":236,"passed_time":150.8315752,"remaining_time":485.5885735},
{"learn":[0.080564394],"iteration":237,"passed_time":151.4509514,"remaining_time":484.897584},
{"learn":[0.08025280778],"iteration":238,"passed_time":152.0718967,"remaining_time":484.21219},
{"learn":[0.08006773478],"iteration":239,"passed_time":152.6861784,"remaining_time":483.5062316},
{"learn":[0.07978534715],"iteration":240,"passed_time":153.2988648,"remaining_time":482.79601},
{"learn":[0.07965199791],"iteration":241,"passed_time":153.9096692,"remaining_time":482.0806995},
{"learn":[0.07954235188],"iteration":242,"passed_time":154.5251852,"remaining_time":481.3809266},
{"learn":[0.07920681551],"iteration":243,"passed_time":155.1360822,"remaining_time":480.6675335},
{"learn":[0.07881014841],"iteration":244,"passed_time":155.7509703,"remaining_time":479.9672757},
{"learn":[0.07859104349],"iteration":245,"passed_time":156.3622284,"remaining_time":479.2565863},
{"learn":[0.0784203478],"iteration":246,"passed_time":157.0149385,"remaining_time":478.6730717},
{"learn":[0.07817095575],"iteration":247,"passed_time":157.6268999,"remaining_time":477.9654383},
{"learn":[0.07796578896],"iteration":248,"passed_time":158.2319522,"remaining_time":477.2377353},
{"learn":[0.07775379768],"iteration":249,"passed_time":158.8393868,"remaining_time":476.5181603},
{"learn":[0.07761254137],"iteration":250,"passed_time":159.443381,"remaining_time":475.7892127},
{"learn":[0.07736329763],"iteration":251,"passed_time":160.0606319,"remaining_time":475.1006057},
{"learn":[0.0772161129],"iteration":252,"passed_time":160.6772148,"remaining_time":474.4105907},
{"learn":[0.07701141048],"iteration":253,"passed_time":161.2904286,"remaining_time":473.7112587},
{"learn":[0.07685192203],"iteration":254,"passed_time":162.0701899,"remaining_time":473.4991822},
{"learn":[0.07658000262],"iteration":255,"passed_time":162.8794661,"remaining_time":473.3684483},
{"learn":[0.07640542088],"iteration":256,"passed_time":163.5734752,"remaining_time":472.899191},
{"learn":[0.07635063804],"iteration":257,"passed_time":164.3663925,"remaining_time":472.7126481},
{"learn":[0.07618492095],"iteration":258,"passed_time":165.1402109,"remaining_time":472.4667809},
{"learn":[0.07590364847],"iteration":259,"passed_time":165.7581569,"remaining_time":471.7732157},
{"learn":[0.07560672562],"iteration":260,"passed_time":166.3684922,"remaining_time":471.0586809},
{"learn":[0.0753488454],"iteration":261,"passed_time":166.9829791,"remaining_time":470.3566358},
{"learn":[0.07516282127],"iteration":262,"passed_time":167.6092404,"remaining_time":469.6882517},
{"learn":[0.07494707791],"iteration":263,"passed_time":168.2736145,"remaining_time":469.1264405},
{"learn":[0.0747477736],"iteration":264,"passed_time":168.8810207,"remaining_time":468.4058498},
{"learn":[0.07460929717],"iteration":265,"passed_time":169.481301,"remaining_time":467.6664471},
{"learn":[0.07438418193],"iteration":266,"passed_time":170.09142,"remaining_time":466.9550968},
{"learn":[0.07427424533],"iteration":267,"passed_time":170.6941278,"remaining_time":466.2242595},
{"learn":[0.07410623049],"iteration":268,"passed_time":171.3142184,"remaining_time":465.5416122},
{"learn":[0.07384817643],"iteration":269,"passed_time":171.9241694,"remaining_time":464.8320134},
{"learn":[0.07370053258],"iteration":270,"passed_time":172.5452569,"remaining_time":464.1531081},
{"learn":[0.07354530004],"iteration":271,"passed_time":173.1558499,"remaining_time":463.4465394},
{"learn":[0.07338499698],"iteration":272,"passed_time":173.7708139,"remaining_time":462.7523139},
{"learn":[0.07317424489],"iteration":273,"passed_time":174.3824582,"remaining_time":462.0498709},
{"learn":[0.07287154889],"iteration":274,"passed_time":174.9992332,"remaining_time":461.3616148},
{"learn":[0.07252533793],"iteration":275,"passed_time":175.6090465,"remaining_time":460.6556148},
{"learn":[0.0722897486],"iteration":276,"passed_time":176.2257525,"remaining_time":459.9682999},
{"learn":[0.07210927296],"iteration":277,"passed_time":176.8415786,"remaining_time":459.2792078},
{"learn":[0.07192125828],"iteration":278,"passed_time":177.4399149,"remaining_time":458.5454431},
{"learn":[0.07161953282],"iteration":279,"passed_time":178.0703785,"remaining_time":457.8952591},
{"learn":[0.07150101884],"iteration":280,"passed_time":178.6904352,"remaining_time":457.2185869},
{"learn":[0.07132486206],"iteration":281,"passed_time":179.3651151,"remaining_time":456.6813923},
{"learn":[0.07114229397],"iteration":282,"passed_time":179.9913525,"remaining_time":456.0204939},
{"learn":[0.07093965018],"iteration":283,"passed_time":180.6081158,"remaining_time":455.335954},
{"learn":[0.0707593691],"iteration":284,"passed_time":181.2297456,"remaining_time":454.6640985},
{"learn":[0.07059894721],"iteration":285,"passed_time":181.8446067,"remaining_time":453.9756965},
{"learn":[0.07028260359],"iteration":286,"passed_time":182.4780106,"remaining_time":453.333873},
{"learn":[0.07007601038],"iteration":287,"passed_time":183.1031926,"remaining_time":452.6717818},
{"learn":[0.06977736347],"iteration":288,"passed_time":183.7170801,"remaining_time":451.982159},
{"learn":[0.0696491331],"iteration":289,"passed_time":184.3331443,"remaining_time":451.2983879},
{"learn":[0.06939269178],"iteration":290,"passed_time":184.9579234,"remaining_time":450.6363151},
{"learn":[0.06925345582],"iteration":291,"passed_time":185.5782319,"remaining_time":449.9636581},
{"learn":[0.06889959402],"iteration":292,"passed_time":186.1918798,"remaining_time":449.2752867},
{"learn":[0.06871680404],"iteration":293,"passed_time":186.8040147,"remaining_time":448.5837903},
{"learn":[0.06842517911],"iteration":294,"passed_time":187.4196277,"remaining_time":447.9011441},
{"learn":[0.06812642611],"iteration":295,"passed_time":188.0354528,"remaining_time":447.2194552},
{"learn":[0.06795846584],"iteration":296,"passed_time":188.657937,"remaining_time":446.5539721},
{"learn":[0.06773947994],"iteration":297,"passed_time":189.2787394,"remaining_time":445.8848155},
{"learn":[0.06745687057],"iteration":298,"passed_time":189.9449744,"remaining_time":445.3224984},
{"learn":[0.06734992429],"iteration":299,"passed_time":190.5681617,"remaining_time":444.6590439},
{"learn":[0.06708099007],"iteration":300,"passed_time":191.2048595,"remaining_time":444.0272318},
{"learn":[0.0669094525],"iteration":301,"passed_time":191.8186096,"remaining_time":443.3423494},
{"learn":[0.06676350086],"iteration":302,"passed_time":192.4335735,"remaining_time":442.6607284},
{"learn":[0.06657783311],"iteration":303,"passed_time":193.0379471,"remaining_time":441.9553},
{"learn":[0.06634800008],"iteration":304,"passed_time":193.8132002,"remaining_time":441.6399151},
{"learn":[0.06606313009],"iteration":305,"passed_time":194.6279683,"remaining_time":441.4111437},
{"learn":[0.06580365111],"iteration":306,"passed_time":195.2482947,"remaining_time":440.7396358},
{"learn":[0.06553888307],"iteration":307,"passed_time":195.9895292,"remaining_time":440.3401111},
{"learn":[0.06545997711],"iteration":308,"passed_time":196.7735647,"remaining_time":440.0340881},
{"learn":[0.06530065964],"iteration":309,"passed_time":197.5439539,"remaining_time":439.694607},
{"learn":[0.06514293901],"iteration":310,"passed_time":198.1817187,"remaining_time":439.0585342},
{"learn":[0.06500641337],"iteration":311,"passed_time":198.7997134,"remaining_time":438.3788551},
{"learn":[0.06485210281],"iteration":312,"passed_time":199.4192192,"remaining_time":437.7028869},
{"learn":[0.06474027],"iteration":313,"passed_time":200.0334309,"remaining_time":437.015712},
{"learn":[0.06463022747],"iteration":314,"passed_time":200.6386552,"remaining_time":436.3094566},
{"learn":[0.06440395763],"iteration":315,"passed_time":201.3159394,"remaining_time":435.7598181},
{"learn":[0.06431997929],"iteration":316,"passed_time":201.9388174,"remaining_time":435.0921524},
{"learn":[0.06412526644],"iteration":317,"passed_time":202.5613798,"remaining_time":434.4240912},
{"learn":[0.06392745908],"iteration":318,"passed_time":203.1724975,"remaining_time":433.7318834},
{"learn":[0.06379077959],"iteration":319,"passed_time":203.7841134,"remaining_time":433.0412411},
{"learn":[0.06366742611],"iteration":320,"passed_time":204.3972992,"remaining_time":432.3544117},
{"learn":[0.06343091354],"iteration":321,"passed_time":205.0351722,"remaining_time":431.7200209},
{"learn":[0.06326537319],"iteration":322,"passed_time":205.6659638,"remaining_time":431.0707663},
{"learn":[0.06309402488],"iteration":323,"passed_time":206.2872153,"remaining_time":430.4017208},
{"learn":[0.06296900771],"iteration":324,"passed_time":206.907434,"remaining_time":429.7308245},
{"learn":[0.06278760824],"iteration":325,"passed_time":207.5183222,"remaining_time":429.0409484},
{"learn":[0.06256610868],"iteration":326,"passed_time":208.1315241,"remaining_time":428.3563171},
{"learn":[0.0623445541],"iteration":327,"passed_time":208.7439809,"remaining_time":427.6705949},
{"learn":[0.0621683576],"iteration":328,"passed_time":209.3582695,"remaining_time":426.9890543},
{"learn":[0.06200842274],"iteration":329,"passed_time":209.9746715,"remaining_time":426.3122117},
{"learn":[0.0618515357],"iteration":330,"passed_time":210.593793,"remaining_time":425.6412312},
{"learn":[0.06165009094],"iteration":331,"passed_time":211.2160192,"remaining_time":424.9768096},
{"learn":[0.06151704458],"iteration":332,"passed_time":211.862088,"remaining_time":424.3603986},
{"learn":[0.06136313376],"iteration":333,"passed_time":212.5041063,"remaining_time":423.7357329},
{"learn":[0.06125914772],"iteration":334,"passed_time":213.1155945,"remaining_time":423.0503593},
{"learn":[0.06102640159],"iteration":335,"passed_time":213.7276391,"remaining_time":422.3665248},
{"learn":[0.0608263743],"iteration":336,"passed_time":214.3374142,"remaining_time":421.6786516},
{"learn":[0.06065018582],"iteration":337,"passed_time":214.9511811,"remaining_time":420.9990587},
{"learn":[0.06037991223],"iteration":338,"passed_time":215.5661451,"remaining_time":420.3221885},
{"learn":[0.06026328268],"iteration":339,"passed_time":216.1891298,"remaining_time":419.6612519},
{"learn":[0.06001701548],"iteration":340,"passed_time":216.8100078,"remaining_time":418.9964667},
{"learn":[0.05990197803],"iteration":341,"passed_time":217.4179207,"remaining_time":418.3069936},
{"learn":[0.05982845062],"iteration":342,"passed_time":218.0281309,"remaining_time":417.6223964},
{"learn":[0.05967964861],"iteration":343,"passed_time":218.6474789,"remaining_time":416.9556575},
{"learn":[0.05949032608],"iteration":344,"passed_time":219.2583503,"remaining_time":416.2730998},
{"learn":[0.05933235041],"iteration":345,"passed_time":219.8765405,"remaining_time":415.6047904},
{"learn":[0.05913137926],"iteration":346,"passed_time":220.5005372,"remaining_time":414.9476968},
{"learn":[0.05896029603],"iteration":347,"passed_time":221.1235519,"remaining_time":414.2889535},
{"learn":[0.05888849391],"iteration":348,"passed_time":221.7475147,"remaining_time":413.6321836},
{"learn":[0.05872323432],"iteration":349,"passed_time":222.3760885,"remaining_time":412.9841644},
{"learn":[0.05856899612],"iteration":350,"passed_time":223.0337545,"remaining_time":412.3900474},
{"learn":[0.05839372674],"iteration":351,"passed_time":223.6586785,"remaining_time":411.7352945},
{"learn":[0.05825407923],"iteration":352,"passed_time":224.2795652,"remaining_time":411.0733106},
{"learn":[0.05805819779],"iteration":353,"passed_time":224.8991246,"remaining_time":410.4091369},
{"learn":[0.05790253947],"iteration":354,"passed_time":225.7315938,"remaining_time":410.1320506},
{"learn":[0.05776486393],"iteration":355,"passed_time":226.4903857,"remaining_time":409.7185629},
{"learn":[0.05771832833],"iteration":356,"passed_time":227.1042555,"remaining_time":409.0421185},
{"learn":[0.0576395966],"iteration":357,"passed_time":227.7396924,"remaining_time":408.4046999},
{"learn":[0.05755720834],"iteration":358,"passed_time":228.4614693,"remaining_time":407.9214536},
{"learn":[0.05740898233],"iteration":359,"passed_time":229.2527603,"remaining_time":407.5604628},
{"learn":[0.05721283181],"iteration":360,"passed_time":230.0249047,"remaining_time":407.163197},
{"learn":[0.05705318617],"iteration":361,"passed_time":230.6339921,"remaining_time":406.4764834},
{"learn":[0.05685523892],"iteration":362,"passed_time":231.2415253,"remaining_time":405.78747},
{"learn":[0.05672313787],"iteration":363,"passed_time":231.8545412,"remaining_time":405.108484},
{"learn":[0.0565498652],"iteration":364,"passed_time":232.4691566,"remaining_time":404.4326423},
{"learn":[0.05640871404],"iteration":365,"passed_time":233.0774281,"remaining_time":403.746146},
{"learn":[0.0562496805],"iteration":366,"passed_time":233.7045278,"remaining_time":403.0925507},
{"learn":[0.05610759824],"iteration":367,"passed_time":234.3512898,"remaining_time":402.4728672},
{"learn":[0.05600486689],"iteration":368,"passed_time":234.9557137,"remaining_time":401.7806378},
{"learn":[0.05582565341],"iteration":369,"passed_time":235.5867979,"remaining_time":401.1342775},
{"learn":[0.05568615761],"iteration":370,"passed_time":236.2163691,"remaining_time":400.4854344},
{"learn":[0.05559316312],"iteration":371,"passed_time":236.8393984,"remaining_time":399.8256511},
{"learn":[0.05549296642],"iteration":372,"passed_time":237.4438476,"remaining_time":399.1348323},
{"learn":[0.05543951124],"iteration":373,"passed_time":238.0579674,"remaining_time":398.4606621},
{"learn":[0.05532394221],"iteration":374,"passed_time":238.6657901,"remaining_time":397.7763168},
{"learn":[0.05516121399],"iteration":375,"passed_time":239.2697798,"remaining_time":397.0860175},
{"learn":[0.05503840491],"iteration":376,"passed_time":239.8877585,"remaining_time":396.4192933},
{"learn":[0.05496106145],"iteration":377,"passed_time":240.5073097,"remaining_time":395.7554144},
{"learn":[0.05482060413],"iteration":378,"passed_time":241.1379836,"remaining_time":395.1099942},
{"learn":[0.05465378228],"iteration":379,"passed_time":241.7548432,"remaining_time":394.4421127},
{"learn":[0.0545022708],"iteration":380,"passed_time":242.3609816,"remaining_time":393.7570803},
{"learn":[0.05442125086],"iteration":381,"passed_time":242.9669608,"remaining_time":393.0722036},
{"learn":[0.05432001788],"iteration":382,"passed_time":243.5700708,"remaining_time":392.3831167},
{"learn":[0.0542108931],"iteration":383,"passed_time":244.180683,"remaining_time":391.7065124},
{"learn":[0.05409697405],"iteration":384,"passed_time":244.8173664,"remaining_time":391.071897},
{"learn":[0.05400140339],"iteration":385,"passed_time":245.4448581,"remaining_time":390.42265},
{"learn":[0.05389877943],"iteration":386,"passed_time":246.0511467,"remaining_time":389.7399301},
{"learn":[0.05369706008],"iteration":387,"passed_time":246.6760708,"remaining_time":389.0869982},
{"learn":[0.05361740109],"iteration":388,"passed_time":247.2853066,"remaining_time":388.409569},
{"learn":[0.05351948807],"iteration":389,"passed_time":247.9022851,"remaining_time":387.7445998},
{"learn":[0.05339805968],"iteration":390,"passed_time":248.5194821,"remaining_time":387.0802164},
{"learn":[0.05322320073],"iteration":391,"passed_time":249.138361,"remaining_time":386.4186823},
{"learn":[0.0531414537],"iteration":392,"passed_time":249.7523153,"remaining_time":385.7497593},
{"learn":[0.05304876308],"iteration":393,"passed_time":250.3656692,"remaining_time":385.0801917},
{"learn":[0.05287705264],"iteration":394,"passed_time":250.981651,"remaining_time":384.4149338},
{"learn":[0.05274006152],"iteration":395,"passed_time":251.6055594,"remaining_time":383.7620149},
{"learn":[0.05264988941],"iteration":396,"passed_time":252.2480237,"remaining_time":383.1374265},
{"learn":[0.05256631677],"iteration":397,"passed_time":252.8515939,"remaining_time":382.4539184},
{"learn":[0.05244181976],"iteration":398,"passed_time":253.4586308,"remaining_time":381.7760329},
{"learn":[0.05230170122],"iteration":399,"passed_time":254.0747207,"remaining_time":381.112081},
{"learn":[0.05220706945],"iteration":400,"passed_time":254.6945214,"remaining_time":380.4539111},
{"learn":[0.05203342172],"iteration":401,"passed_time":255.309647,"remaining_time":379.7889774},
{"learn":[0.05185918539],"iteration":402,"passed_time":255.9788403,"remaining_time":379.2043862},
{"learn":[0.05178017673],"iteration":403,"passed_time":256.6085127,"remaining_time":378.5610732},
{"learn":[0.05163435054],"iteration":404,"passed_time":257.4209247,"remaining_time":378.1862969},
{"learn":[0.05138068012],"iteration":405,"passed_time":258.1988728,"remaining_time":377.7589419},
{"learn":[0.05123043778],"iteration":406,"passed_time":258.8171503,"remaining_time":377.097224},
{"learn":[0.05113330988],"iteration":407,"passed_time":259.4406516,"remaining_time":376.4432984},
{"learn":[0.05104343328],"iteration":408,"passed_time":260.0460681,"remaining_time":375.7633894},
{"learn":[0.05088869293],"iteration":409,"passed_time":260.7474733,"remaining_time":375.2219738},
{"learn":[0.05071505861],"iteration":410,"passed_time":261.5232718,"remaining_time":374.7863919},
{"learn":[0.05063385807],"iteration":411,"passed_time":262.2967879,"remaining_time":374.3459012},
{"learn":[0.05049728107],"iteration":412,"passed_time":262.9055363,"remaining_time":373.6696121},
{"learn":[0.05037456725],"iteration":413,"passed_time":263.520005,"remaining_time":373.0017462},
{"learn":[0.05024230877],"iteration":414,"passed_time":264.1619293,"remaining_time":372.3728401},
{"learn":[0.05015519843],"iteration":415,"passed_time":264.7872999,"remaining_time":371.7206326},
{"learn":[0.05008811365],"iteration":416,"passed_time":265.4160613,"remaining_time":371.0732943},
{"learn":[0.04995801465],"iteration":417,"passed_time":266.0421404,"remaining_time":370.4223103},
{"learn":[0.04982256634],"iteration":418,"passed_time":266.654794,"remaining_time":369.7528289},
{"learn":[0.04974281717],"iteration":419,"passed_time":267.3052044,"remaining_time":369.1357584},
{"learn":[0.0496127125],"iteration":420,"passed_time":267.9184318,"remaining_time":368.4673919},
{"learn":[0.04947359558],"iteration":421,"passed_time":268.535763,"remaining_time":367.8049076},
{"learn":[0.04932115281],"iteration":422,"passed_time":269.1668849,"remaining_time":367.1614481},
{"learn":[0.04920066313],"iteration":423,"passed_time":269.7940276,"remaining_time":366.5126413},
{"learn":[0.049109806],"iteration":424,"passed_time":270.406995,"remaining_time":365.8447579},
{"learn":[0.04895876881],"iteration":425,"passed_time":271.0065693,"remaining_time":365.1590863},
{"learn":[0.04887372083],"iteration":426,"passed_time":271.6128458,"remaining_time":364.4828118},
{"learn":[0.04874992295],"iteration":427,"passed_time":272.2324215,"remaining_time":363.824638},
{"learn":[0.04869110364],"iteration":428,"passed_time":272.8538409,"remaining_time":363.1690983},
{"learn":[0.04863106989],"iteration":429,"passed_time":273.4749988,"remaining_time":362.5133706},
{"learn":[0.04846894646],"iteration":430,"passed_time":274.0830894,"remaining_time":361.8405519},
{"learn":[0.04837906706],"iteration":431,"passed_time":274.6881835,"remaining_time":361.1640932},
{"learn":[0.04829420594],"iteration":432,"passed_time":275.2997058,"remaining_time":360.4963815},
{"learn":[0.04821107874],"iteration":433,"passed_time":275.9013132,"remaining_time":359.8159983},
{"learn":[0.04813465854],"iteration":434,"passed_time":276.5163366,"remaining_time":359.1534027},
{"learn":[0.04806937143],"iteration":435,"passed_time":277.144332,"remaining_time":358.5078056},
{"learn":[0.04799701442],"iteration":436,"passed_time":277.7932813,"remaining_time":357.8892846},
{"learn":[0.04788805315],"iteration":437,"passed_time":278.4094571,"remaining_time":357.2285728},
{"learn":[0.04772126679],"iteration":438,"passed_time":279.0301289,"remaining_time":356.5738094},
{"learn":[0.04765092418],"iteration":439,"passed_time":279.6485982,"remaining_time":355.9163977},
{"learn":[0.04752452752],"iteration":440,"passed_time":280.2688314,"remaining_time":355.2613986},
{"learn":[0.04740721439],"iteration":441,"passed_time":280.8964802,"remaining_time":354.6159185},
{"learn":[0.04728905807],"iteration":442,"passed_time":281.5145908,"remaining_time":353.9585261},
{"learn":[0.04714351363],"iteration":443,"passed_time":282.1223499,"remaining_time":353.2883481},
{"learn":[0.04708377549],"iteration":444,"passed_time":282.7317821,"remaining_time":352.6205373},
{"learn":[0.04703164341],"iteration":445,"passed_time":283.3371483,"remaining_time":351.9479375},
{"learn":[0.04699101977],"iteration":446,"passed_time":283.9492886,"remaining_time":351.2840193},
{"learn":[0.04689215155],"iteration":447,"passed_time":284.5671975,"remaining_time":350.6274398},
{"learn":[0.04679869671],"iteration":448,"passed_time":285.1898573,"remaining_time":349.9768628},
{"learn":[0.04661618499],"iteration":449,"passed_time":285.8090888,"remaining_time":349.3222196},
{"learn":[0.04654660276],"iteration":450,"passed_time":286.4334022,"remaining_time":348.6739198},
{"learn":[0.04646645045],"iteration":451,"passed_time":287.0407347,"remaining_time":348.0051386},
{"learn":[0.04631562655],"iteration":452,"passed_time":287.6588554,"remaining_time":347.3496554},
{"learn":[0.04621897888],"iteration":453,"passed_time":288.2605633,"remaining_time":346.6745982},
{"learn":[0.0461547809],"iteration":454,"passed_time":289.0968701,"remaining_time":346.2808664},
{"learn":[0.04604459953],"iteration":455,"passed_time":289.8829758,"remaining_time":345.8253045},
{"learn":[0.04590327673],"iteration":456,"passed_time":290.4975584,"remaining_time":345.1644949},
{"learn":[0.0457878048],"iteration":457,"passed_time":291.1048339,"remaining_time":344.4952401},
{"learn":[0.04565461597],"iteration":458,"passed_time":291.7120971,"remaining_time":343.8262409},
{"learn":[0.04551003158],"iteration":459,"passed_time":292.3359695,"remaining_time":343.1770076},
{"learn":[0.04539960678],"iteration":460,"passed_time":293.0578697,"remaining_time":342.6424984},
{"learn":[0.04533365144],"iteration":461,"passed_time":293.8287043,"remaining_time":342.1641622},
{"learn":[0.04527602422],"iteration":462,"passed_time":294.6104063,"remaining_time":341.6971668},
{"learn":[0.0452163117],"iteration":463,"passed_time":295.2209934,"remaining_time":341.0311476},
{"learn":[0.04514428227],"iteration":464,"passed_time":295.8257985,"remaining_time":340.3587144},
{"learn":[0.04509469689],"iteration":465,"passed_time":296.4502232,"remaining_time":339.7090541},
{"learn":[0.04501303478],"iteration":466,"passed_time":297.0563246,"remaining_time":339.0385889},
{"learn":[0.04492640034],"iteration":467,"passed_time":297.6699999,"remaining_time":338.3770085},
{"learn":[0.04477071867],"iteration":468,"passed_time":298.2901149,"remaining_time":337.7229233},
{"learn":[0.04467159799],"iteration":469,"passed_time":298.9070348,"remaining_time":337.0653796},
{"learn":[0.04451559438],"iteration":470,"passed_time":299.521078,"remaining_time":336.4047776},
{"learn":[0.0443893686],"iteration":471,"passed_time":300.180371,"remaining_time":335.7949913},
{"learn":[0.04421763208],"iteration":472,"passed_time":300.7961929,"remaining_time":335.1365616},
{"learn":[0.04413910401],"iteration":473,"passed_time":301.405518,"remaining_time":334.4711023},
{"learn":[0.04405231728],"iteration":474,"passed_time":302.0306412,"remaining_time":333.8233402},
{"learn":[0.04390122918],"iteration":475,"passed_time":302.6474734,"remaining_time":333.1665464},
{"learn":[0.04384899398],"iteration":476,"passed_time":303.2680165,"remaining_time":332.5139888},
{"learn":[0.04366333174],"iteration":477,"passed_time":303.8900641,"remaining_time":331.8632081},
{"learn":[0.0435474985],"iteration":478,"passed_time":304.5050355,"remaining_time":331.2048508},
{"learn":[0.04345563536],"iteration":479,"passed_time":305.1032639,"remaining_time":330.5285359},
{"learn":[0.04339255749],"iteration":480,"passed_time":305.7014489,"remaining_time":329.8524989},
{"learn":[0.04326075422],"iteration":481,"passed_time":306.3082352,"remaining_time":329.1860287},
{"learn":[0.04317356999],"iteration":482,"passed_time":306.9189063,"remaining_time":328.5239639},
{"learn":[0.04305037923],"iteration":483,"passed_time":307.5457143,"remaining_time":327.8793152},
{"learn":[0.04300200628],"iteration":484,"passed_time":308.1514813,"remaining_time":327.2123977},
{"learn":[0.04294667344],"iteration":485,"passed_time":308.764412,"remaining_time":326.5533081},
{"learn":[0.04285325297],"iteration":486,"passed_time":309.3814752,"remaining_time":325.8987614},
{"learn":[0.04276709816],"iteration":487,"passed_time":309.9986089,"remaining_time":325.2444421},
{"learn":[0.04267177477],"iteration":488,"passed_time":310.6062531,"remaining_time":324.5803585},
{"learn":[0.04255847378],"iteration":489,"passed_time":311.2620588,"remaining_time":323.9666326},
{"learn":[0.04248668645],"iteration":490,"passed_time":311.8693934,"remaining_time":323.3024872},
{"learn":[0.04237426571],"iteration":491,"passed_time":312.4827633,"remaining_time":322.6448044},
{"learn":[0.04228931843],"iteration":492,"passed_time":313.1059257,"remaining_time":321.9973719},
{"learn":[0.04216325938],"iteration":493,"passed_time":313.7186791,"remaining_time":321.3393757},
{"learn":[0.04206635794],"iteration":494,"passed_time":314.3265789,"remaining_time":320.6766108},
{"learn":[0.0419646722],"iteration":495,"passed_time":314.9522747,"remaining_time":320.0321501},
{"learn":[0.04182674985],"iteration":496,"passed_time":315.5578151,"remaining_time":319.3673662},
{"learn":[0.04174194707],"iteration":497,"passed_time":316.1745126,"remaining_time":318.714067},
{"learn":[0.04169508108],"iteration":498,"passed_time":316.7938738,"remaining_time":318.0635888},
{"learn":[0.04161341461],"iteration":499,"passed_time":317.4159083,"remaining_time":317.4159083},
{"learn":[0.04150429313],"iteration":500,"passed_time":318.0330522,"remaining_time":316.7634591},
{"learn":[0.04142018976],"iteration":501,"passed_time":318.6530121,"remaining_time":316.1139442},
{"learn":[0.04130389034],"iteration":502,"passed_time":319.269215,"remaining_time":315.4608347},
{"learn":[0.04116868636],"iteration":503,"passed_time":319.8901608,"remaining_time":314.8125392},
{"learn":[0.04109642651],"iteration":504,"passed_time":320.6535199,"remaining_time":314.3039452},
{"learn":[0.04096575615],"iteration":505,"passed_time":321.4833621,"remaining_time":313.8592507},
{"learn":[0.04085460289],"iteration":506,"passed_time":322.1585269,"remaining_time":313.2626307},
{"learn":[0.04078661353],"iteration":507,"passed_time":322.7816294,"remaining_time":312.6152789},
{"learn":[0.04068664973],"iteration":508,"passed_time":323.4233943,"remaining_time":311.9860248},
{"learn":[0.04057940268],"iteration":509,"passed_time":324.0535984,"remaining_time":311.3456141},
{"learn":[0.04048560388],"iteration":510,"passed_time":324.6872376,"remaining_time":310.7085307},
{"learn":[0.04042005785],"iteration":511,"passed_time":325.405543,"remaining_time":310.1521582},
{"learn":[0.04029779861],"iteration":512,"passed_time":326.2076723,"remaining_time":309.6747299},
{"learn":[0.04024707424],"iteration":513,"passed_time":326.973863,"remaining_time":309.1620572},
{"learn":[0.04017061411],"iteration":514,"passed_time":327.5835032,"remaining_time":308.500969},
{"learn":[0.04012090734],"iteration":515,"passed_time":328.1925155,"remaining_time":307.8394913},
{"learn":[0.0400637381],"iteration":516,"passed_time":328.7993965,"remaining_time":307.1762254},
{"learn":[0.03996293423],"iteration":517,"passed_time":329.4134928,"remaining_time":306.519891},
{"learn":[0.03988494079],"iteration":518,"passed_time":330.0309761,"remaining_time":305.8668584},
{"learn":[0.0398047684],"iteration":519,"passed_time":330.6408631,"remaining_time":305.2069505},
{"learn":[0.03974919386],"iteration":520,"passed_time":331.2588296,"remaining_time":304.5546629},
{"learn":[0.03963260527],"iteration":521,"passed_time":331.8832999,"remaining_time":303.9084623},
{"learn":[0.03958941701],"iteration":522,"passed_time":332.515169,"remaining_time":303.269093},
{"learn":[0.03947590146],"iteration":523,"passed_time":333.1770826,"remaining_time":302.6570445},
{"learn":[0.03940425178],"iteration":524,"passed_time":333.7848943,"remaining_time":301.9958567},
{"learn":[0.0393201936],"iteration":525,"passed_time":334.400747,"remaining_time":301.342118},
{"learn":[0.03922319146],"iteration":526,"passed_time":335.0111578,"remaining_time":300.6836388},
{"learn":[0.039199526],"iteration":527,"passed_time":335.6213234,"remaining_time":300.0251224},
{"learn":[0.03912559512],"iteration":528,"passed_time":336.231489,"remaining_time":299.3667889},
{"learn":[0.03907803963],"iteration":529,"passed_time":336.8387761,"remaining_time":298.7060845},
{"learn":[0.0389960046],"iteration":530,"passed_time":337.4546467,"remaining_time":298.0531626},
{"learn":[0.03892574801],"iteration":531,"passed_time":338.064163,"remaining_time":297.39479},
{"learn":[0.03880476368],"iteration":532,"passed_time":338.6782762,"remaining_time":296.7406285},
{"learn":[0.03871863489],"iteration":533,"passed_time":339.2875931,"remaining_time":296.0824315},
{"learn":[0.03865168724],"iteration":534,"passed_time":339.894338,"remaining_time":295.4221816},
{"learn":[0.03859196129],"iteration":535,"passed_time":340.499355,"remaining_time":294.7606357},
{"learn":[0.03849973134],"iteration":536,"passed_time":341.1194269,"remaining_time":294.1122805},
{"learn":[0.03839413288],"iteration":537,"passed_time":341.7374157,"remaining_time":293.4622418},
{"learn":[0.03831877384],"iteration":538,"passed_time":342.3517062,"remaining_time":292.8091587},
{"learn":[0.03828491132],"iteration":539,"passed_time":342.953127,"remaining_time":292.1452564},
{"learn":[0.03824016849],"iteration":540,"passed_time":343.5643415,"remaining_time":291.4898942},
{"learn":[0.03814738399],"iteration":541,"passed_time":344.2093699,"remaining_time":290.8632683},
{"learn":[0.0381000037],"iteration":542,"passed_time":344.8131741,"remaining_time":290.2018795},
{"learn":[0.03804402579],"iteration":543,"passed_time":345.418348,"remaining_time":289.5418506},
{"learn":[0.03800244638],"iteration":544,"passed_time":346.0242531,"remaining_time":288.8826333},
{"learn":[0.03794824751],"iteration":545,"passed_time":346.6457923,"remaining_time":288.2366112},
{"learn":[0.03783863574],"iteration":546,"passed_time":347.2628695,"remaining_time":287.5869833},
{"learn":[0.03774756953],"iteration":547,"passed_time":347.8831648,"remaining_time":286.9401286},
{"learn":[0.0376801207],"iteration":548,"passed_time":348.5034592,"remaining_time":286.2933699},
{"learn":[0.03761703099],"iteration":549,"passed_time":349.116384,"remaining_time":285.6406778},
{"learn":[0.03755219162],"iteration":550,"passed_time":349.7273297,"remaining_time":284.9865173},
{"learn":[0.0374774542],"iteration":551,"passed_time":350.3347411,"remaining_time":284.3296449},
{"learn":[0.03742084671],"iteration":552,"passed_time":350.9394725,"remaining_time":283.6707852},
{"learn":[0.03734711538],"iteration":553,"passed_time":351.5505991,"remaining_time":283.0172693},
{"learn":[0.03725927637],"iteration":554,"passed_time":352.2755583,"remaining_time":282.4551774},
{"learn":[0.03719852433],"iteration":555,"passed_time":353.0816956,"remaining_time":281.9573253},
{"learn":[0.03710121002],"iteration":556,"passed_time":353.749064,"remaining_time":281.3479989},
{"learn":[0.03703002086],"iteration":557,"passed_time":354.3593094,"remaining_time":280.6932164},
{"learn":[0.03694410158],"iteration":558,"passed_time":355.0219685,"remaining_time":280.079943},
{"learn":[0.03680012886],"iteration":559,"passed_time":355.6337771,"remaining_time":279.4265392},
{"learn":[0.03673794584],"iteration":560,"passed_time":356.2484962,"remaining_time":278.7755612},
{"learn":[0.03669057863],"iteration":561,"passed_time":356.8628761,"remaining_time":278.1244479},
{"learn":[0.03660080498],"iteration":562,"passed_time":357.5493186,"remaining_time":277.5294001},
{"learn":[0.0365557312],"iteration":563,"passed_time":358.3327484,"remaining_time":277.0090041},
{"learn":[0.03649714035],"iteration":564,"passed_time":359.0951097,"remaining_time":276.4714561},
{"learn":[0.03641703412],"iteration":565,"passed_time":359.7539691,"remaining_time":275.8537501},
{"learn":[0.03636623482],"iteration":566,"passed_time":360.3721596,"remaining_time":275.2048414},
{"learn":[0.03626930988],"iteration":567,"passed_time":360.9994496,"remaining_time":274.5629617},
{"learn":[0.03619411242],"iteration":568,"passed_time":361.618751,"remaining_time":273.915082},
{"learn":[0.036131657],"iteration":569,"passed_time":362.2368448,"remaining_time":273.2663917},
{"learn":[0.03601202123],"iteration":570,"passed_time":362.8521305,"remaining_time":272.6156988},
{"learn":[0.0359362955],"iteration":571,"passed_time":363.4573067,"remaining_time":271.9575652},
{"learn":[0.03587118296],"iteration":572,"passed_time":364.0656058,"remaining_time":271.3019436},
{"learn":[0.0358027748],"iteration":573,"passed_time":364.685919,"remaining_time":270.6554033},
{"learn":[0.03575437829],"iteration":574,"passed_time":365.3015483,"remaining_time":270.0054922},
{"learn":[0.03566244157],"iteration":575,"passed_time":365.9578285,"remaining_time":269.3856237},
{"learn":[0.03561970931],"iteration":576,"passed_time":366.5670437,"remaining_time":268.7311256},
{"learn":[0.03558243658],"iteration":577,"passed_time":367.169273,"remaining_time":268.0716837},
{"learn":[0.03553693547],"iteration":578,"passed_time":367.7750734,"remaining_time":267.4150361},
{"learn":[0.03543936856],"iteration":579,"passed_time":368.3776459,"remaining_time":266.7562263},
{"learn":[0.03537225235],"iteration":580,"passed_time":368.9930631,"remaining_time":266.1068734},
{"learn":[0.03526337468],"iteration":581,"passed_time":369.6102463,"remaining_time":265.4589055},
{"learn":[0.03520921941],"iteration":582,"passed_time":370.2233448,"remaining_time":264.8081214},
{"learn":[0.03513610098],"iteration":583,"passed_time":370.8355943,"remaining_time":264.1568617},
{"learn":[0.03505358702],"iteration":584,"passed_time":371.4360905,"remaining_time":263.4973975},
{"learn":[0.03499609293],"iteration":585,"passed_time":372.0578579,"remaining_time":262.8531624},
{"learn":[0.03492820399],"iteration":586,"passed_time":372.6650332,"remaining_time":262.1987372},
{"learn":[0.03487861255],"iteration":587,"passed_time":373.272296,"remaining_time":261.5445339},
{"learn":[0.03481716546],"iteration":588,"passed_time":373.8786178,"remaining_time":260.8898335},
{"learn":[0.03476244482],"iteration":589,"passed_time":374.4867249,"remaining_time":260.2365376},
{"learn":[0.03463657905],"iteration":590,"passed_time":375.10508,"remaining_time":259.5904868},
{"learn":[0.03453923967],"iteration":591,"passed_time":375.7159152,"remaining_time":258.939347},
{"learn":[0.03444372516],"iteration":592,"passed_time":376.3329119,"remaining_time":258.2925719},
{"learn":[0.03436413148],"iteration":593,"passed_time":376.9952469,"remaining_time":257.676886},
{"learn":[0.03428371157],"iteration":594,"passed_time":377.6114669,"remaining_time":257.0296539},
{"learn":[0.03422765011],"iteration":595,"passed_time":378.2200579,"remaining_time":256.3773547},
{"learn":[0.03416723741],"iteration":596,"passed_time":378.843433,"remaining_time":255.7351817},
{"learn":[0.03411950254],"iteration":597,"passed_time":379.4583864,"remaining_time":255.0874103},
{"learn":[0.03403680364],"iteration":598,"passed_time":380.0707908,"remaining_time":254.4380419},
{"learn":[0.03397358719],"iteration":599,"passed_time":380.692355,"remaining_time":253.7949033},
{"learn":[0.03393753489],"iteration":600,"passed_time":381.302483,"remaining_time":253.1442441},
{"learn":[0.03384723406],"iteration":601,"passed_time":381.9313454,"remaining_time":252.5061054},
{"learn":[0.03377675047],"iteration":602,"passed_time":382.5344294,"remaining_time":251.8510257},
{"learn":[0.03373754547],"iteration":603,"passed_time":383.1333254,"remaining_time":251.1933723},
{"learn":[0.03366383705],"iteration":604,"passed_time":383.7569855,"remaining_time":250.5520814},
{"learn":[0.03359513916],"iteration":605,"passed_time":384.5790475,"remaining_time":250.0398428},
{"learn":[0.03350573311],"iteration":606,"passed_time":385.3220608,"remaining_time":249.4754034},
{"learn":[0.0334141919],"iteration":607,"passed_time":385.9479414,"remaining_time":248.8348569},
{"learn":[0.03336369199],"iteration":608,"passed_time":386.5676587,"remaining_time":248.1904015},
{"learn":[0.03332254399],"iteration":609,"passed_time":387.1692841,"remaining_time":247.5344604},
{"learn":[0.03323571746],"iteration":610,"passed_time":387.8192822,"remaining_time":246.9094939},
{"learn":[0.03318437922],"iteration":611,"passed_time":388.4364305,"remaining_time":246.2636194},
{"learn":[0.03313072783],"iteration":612,"passed_time":389.0577277,"remaining_time":245.6204578},
{"learn":[0.03308540623],"iteration":613,"passed_time":389.7444506,"remaining_time":245.0184982},
{"learn":[0.03306376627],"iteration":614,"passed_time":390.5482155,"remaining_time":244.4895333},
{"learn":[0.03301680451],"iteration":615,"passed_time":391.3019315,"remaining_time":243.9284768},
{"learn":[0.03294234968],"iteration":616,"passed_time":391.9197192,"remaining_time":243.2824189},
{"learn":[0.03286950632],"iteration":617,"passed_time":392.5298027,"remaining_time":242.6316904},
{"learn":[0.03282117773],"iteration":618,"passed_time":393.1336411,"remaining_time":241.9772492},
{"learn":[0.03277555344],"iteration":619,"passed_time":393.7398515,"remaining_time":241.3244251},
{"learn":[0.03270159468],"iteration":620,"passed_time":394.3449152,"remaining_time":240.6710513},
{"learn":[0.0326167828],"iteration":621,"passed_time":394.9553444,"remaining_time":240.0210936},
{"learn":[0.03259040092],"iteration":622,"passed_time":395.567573,"remaining_time":239.3723515},
{"learn":[0.03257312407],"iteration":623,"passed_time":396.1735951,"remaining_time":238.7199868},
{"learn":[0.03251273024],"iteration":624,"passed_time":396.7793541,"remaining_time":238.0676125},
{"learn":[0.032449002],"iteration":625,"passed_time":397.3870501,"remaining_time":237.4165443},
{"learn":[0.03241431805],"iteration":626,"passed_time":397.9927929,"remaining_time":236.7644525},
{"learn":[0.03234804288],"iteration":627,"passed_time":398.6291435,"remaining_time":236.1306392},
{"learn":[0.03230497115],"iteration":628,"passed_time":399.271149,"remaining_time":235.5001531},
{"learn":[0.03223412759],"iteration":629,"passed_time":399.8862468,"remaining_time":234.8538275},
{"learn":[0.03218184527],"iteration":630,"passed_time":400.4960287,"remaining_time":234.2044922},
{"learn":[0.03210466436],"iteration":631,"passed_time":401.1231516,"remaining_time":233.5653794},
{"learn":[0.03203213914],"iteration":632,"passed_time":401.732231,"remaining_time":232.9158432},
{"learn":[0.03197995077],"iteration":633,"passed_time":402.3487113,"remaining_time":232.2707072},
{"learn":[0.03189125292],"iteration":634,"passed_time":402.9617145,"remaining_time":231.6236627},
{"learn":[0.0318271271],"iteration":635,"passed_time":403.5714401,"remaining_time":230.9748493},
{"learn":[0.0317861698],"iteration":636,"passed_time":404.1891815,"remaining_time":230.3307267},
{"learn":[0.03176793876],"iteration":637,"passed_time":404.8089996,"remaining_time":229.687865},
{"learn":[0.03172872779],"iteration":638,"passed_time":405.4225276,"remaining_time":229.0415218},
{"learn":[0.03167953631],"iteration":639,"passed_time":406.0191358,"remaining_time":228.3857639},
{"learn":[0.03157401889],"iteration":640,"passed_time":406.6255778,"remaining_time":227.735698},
{"learn":[0.03153192639],"iteration":641,"passed_time":407.2358005,"remaining_time":227.0878763},
{"learn":[0.03146463441],"iteration":642,"passed_time":407.8546584,"remaining_time":226.4449659},
{"learn":[0.03142587427],"iteration":643,"passed_time":408.4800315,"remaining_time":225.8057317},
{"learn":[0.03140347185],"iteration":644,"passed_time":409.0905996,"remaining_time":225.158392},
{"learn":[0.03131313375],"iteration":645,"passed_time":409.7113136,"remaining_time":224.516726},
{"learn":[0.03126071092],"iteration":646,"passed_time":410.3464198,"remaining_time":223.8829771},
{"learn":[0.03119120949],"iteration":647,"passed_time":410.9530388,"remaining_time":223.2337495},
{"learn":[0.03111944393],"iteration":648,"passed_time":411.5634658,"remaining_time":222.5867126},
{"learn":[0.03106673247],"iteration":649,"passed_time":412.1829805,"remaining_time":221.9446818},
{"learn":[0.03093355128],"iteration":650,"passed_time":412.7859442,"remaining_time":221.2938472},
{"learn":[0.03088592104],"iteration":651,"passed_time":413.3890882,"remaining_time":220.6432557},
{"learn":[0.03083657961],"iteration":652,"passed_time":413.9998034,"remaining_time":219.9968327},
{"learn":[0.03078833266],"iteration":653,"passed_time":414.6122666,"remaining_time":219.3514438},
{"learn":[0.03072802306],"iteration":654,"passed_time":415.2288538,"remaining_time":218.7083276},
{"learn":[0.03067728214],"iteration":655,"passed_time":416.0054632,"remaining_time":218.1492063},
{"learn":[0.03062930666],"iteration":656,"passed_time":416.8321026,"remaining_time":217.6155421},
{"learn":[0.03058624949],"iteration":657,"passed_time":417.4575203,"remaining_time":216.9764011},
{"learn":[0.03056659015],"iteration":658,"passed_time":418.0793137,"remaining_time":216.3354264},
{"learn":[0.0305333515],"iteration":659,"passed_time":418.6997377,"remaining_time":215.6938043},
{"learn":[0.03045599547],"iteration":660,"passed_time":419.3309368,"remaining_time":215.0577724},
{"learn":[0.03040602327],"iteration":661,"passed_time":419.9552104,"remaining_time":214.4182192},
{"learn":[0.03032803902],"iteration":662,"passed_time":420.619878,"remaining_time":213.7992442},
{"learn":[0.03030388766],"iteration":663,"passed_time":421.2696332,"remaining_time":213.1725854},
{"learn":[0.03024854308],"iteration":664,"passed_time":422.0123325,"remaining_time":212.5926788},
{"learn":[0.03015841559],"iteration":665,"passed_time":422.8141215,"remaining_time":212.0419168},
{"learn":[0.03009376018],"iteration":666,"passed_time":423.6031857,"remaining_time":211.4840493},
{"learn":[0.0300317424],"iteration":667,"passed_time":424.2435331,"remaining_time":210.8515763},
{"learn":[0.02996701996],"iteration":668,"passed_time":424.8745504,"remaining_time":210.2144637},
{"learn":[0.02991221124],"iteration":669,"passed_time":425.4995722,"remaining_time":209.5744162},
{"learn":[0.02985559637],"iteration":670,"passed_time":426.1193049,"remaining_time":208.9318201},
{"learn":[0.02980396356],"iteration":671,"passed_time":426.7437484,"remaining_time":208.2915915},
{"learn":[0.02977166464],"iteration":672,"passed_time":427.3698953,"remaining_time":207.6522374},
{"learn":[0.02970986497],"iteration":673,"passed_time":427.9901077,"remaining_time":207.0100521},
{"learn":[0.02966412329],"iteration":674,"passed_time":428.6143876,"remaining_time":206.3698903},
{"learn":[0.02961034344],"iteration":675,"passed_time":429.2336403,"remaining_time":205.7273661},
{"learn":[0.02953060465],"iteration":676,"passed_time":429.8493446,"remaining_time":205.0832176},
{"learn":[0.02948500871],"iteration":677,"passed_time":430.4560429,"remaining_time":204.4348758},
{"learn":[0.02945102052],"iteration":678,"passed_time":431.0738207,"remaining_time":203.7918946},
{"learn":[0.0294335735],"iteration":679,"passed_time":431.6978269,"remaining_time":203.1519185},
{"learn":[0.02938858973],"iteration":680,"passed_time":432.3492785,"remaining_time":202.5248456},
{"learn":[0.02932585004],"iteration":681,"passed_time":432.9621871,"remaining_time":201.8797295},
{"learn":[0.029287314],"iteration":682,"passed_time":433.5748497,"remaining_time":201.2345935},
{"learn":[0.02924778905],"iteration":683,"passed_time":434.186894,"remaining_time":200.5892668},
{"learn":[0.02921059285],"iteration":684,"passed_time":434.7965233,"remaining_time":199.9429268},
{"learn":[0.029179316],"iteration":685,"passed_time":435.4052085,"remaining_time":199.2962616},
{"learn":[0.02910907656],"iteration":686,"passed_time":436.022455,"remaining_time":198.6536076},
{"learn":[0.0290484546],"iteration":687,"passed_time":436.6376843,"remaining_time":198.0101127},
{"learn":[0.02897794825],"iteration":688,"passed_time":437.2570952,"remaining_time":197.3685873},
{"learn":[0.02894132126],"iteration":689,"passed_time":437.8829129,"remaining_time":196.7300043},
{"learn":[0.02886980762],"iteration":690,"passed_time":438.5193138,"remaining_time":196.096191},
{"learn":[0.02880637085],"iteration":691,"passed_time":439.1493539,"remaining_time":195.459539},
{"learn":[0.0287736823],"iteration":692,"passed_time":439.7639462,"remaining_time":194.8160628},
{"learn":[0.02874309383],"iteration":693,"passed_time":440.3780842,"remaining_time":194.1724694},
{"learn":[0.02868463192],"iteration":694,"passed_time":441.0011632,"remaining_time":193.5328846},
{"learn":[0.02863024104],"iteration":695,"passed_time":441.6204702,"remaining_time":192.8916996},
{"learn":[0.02851328881],"iteration":696,"passed_time":442.2399975,"remaining_time":192.2506732},
{"learn":[0.02844176463],"iteration":697,"passed_time":442.8901517,"remaining_time":191.6229596},
{"learn":[0.02840762443],"iteration":698,"passed_time":443.4996215,"remaining_time":190.9776625},
{"learn":[0.02829399477],"iteration":699,"passed_time":444.1134589,"remaining_time":190.3343395},
{"learn":[0.02822167011],"iteration":700,"passed_time":444.7416024,"remaining_time":189.6972027},
{"learn":[0.02818146211],"iteration":701,"passed_time":445.3660002,"remaining_time":189.0585015},
{"learn":[0.02814068259],"iteration":702,"passed_time":445.9970672,"remaining_time":188.4226586},
{"learn":[0.02810318897],"iteration":703,"passed_time":446.6083612,"remaining_time":187.7785155},
{"learn":[0.02804219992],"iteration":704,"passed_time":447.252318,"remaining_time":187.1481331},
{"learn":[0.02795853356],"iteration":705,"passed_time":448.0772283,"remaining_time":186.5930668},
{"learn":[0.02793599073],"iteration":706,"passed_time":448.8180373,"remaining_time":186.0023832},
{"learn":[0.02788952474],"iteration":707,"passed_time":449.4364023,"remaining_time":185.3607761},
{"learn":[0.02784590882],"iteration":708,"passed_time":450.0645154,"remaining_time":184.7232355},
{"learn":[0.02778579502],"iteration":709,"passed_time":450.6734151,"remaining_time":184.0778738},
{"learn":[0.02776081343],"iteration":710,"passed_time":451.2828923,"remaining_time":183.4328493},
{"learn":[0.02770889624],"iteration":711,"passed_time":451.9060794,"remaining_time":182.7934703},
{"learn":[0.02766488427],"iteration":712,"passed_time":452.5303923,"remaining_time":182.1545899},
{"learn":[0.02761629703],"iteration":713,"passed_time":453.1534021,"remaining_time":181.5152283},
{"learn":[0.02754880123],"iteration":714,"passed_time":453.803481,"remaining_time":180.8867022},
{"learn":[0.02751058673],"iteration":715,"passed_time":454.5278634,"remaining_time":180.2875883},
{"learn":[0.02742696379],"iteration":716,"passed_time":455.2840849,"remaining_time":179.7006918},
{"learn":[0.02736365551],"iteration":717,"passed_time":456.0571726,"remaining_time":179.119948},
{"learn":[0.02734558684],"iteration":718,"passed_time":456.6770021,"remaining_time":178.4787727},
{"learn":[0.02728197412],"iteration":719,"passed_time":457.2927861,"remaining_time":177.8360835},
{"learn":[0.02723102276],"iteration":720,"passed_time":457.9061703,"remaining_time":177.1925403},
{"learn":[0.02717557657],"iteration":721,"passed_time":458.5362996,"remaining_time":176.5555281},
{"learn":[0.02713974991],"iteration":722,"passed_time":459.1553347,"remaining_time":175.9142845},
{"learn":[0.02710417217],"iteration":723,"passed_time":459.7710311,"remaining_time":175.2718295},
{"learn":[0.02707400005],"iteration":724,"passed_time":460.3770477,"remaining_time":174.6257767},
{"learn":[0.02705240599],"iteration":725,"passed_time":460.9898738,"remaining_time":173.9824042},
{"learn":[0.02701185738],"iteration":726,"passed_time":461.5992056,"remaining_time":173.3378035},
{"learn":[0.02699517177],"iteration":727,"passed_time":462.2162996,"remaining_time":172.6961998},
{"learn":[0.02696216775],"iteration":728,"passed_time":462.821715,"remaining_time":172.050322},
{"learn":[0.02692927695],"iteration":729,"passed_time":463.4291503,"remaining_time":171.4053022},
{"learn":[0.02689284212],"iteration":730,"passed_time":464.0399413,"remaining_time":170.76162},
{"learn":[0.02684770404],"iteration":731,"passed_time":464.6991226,"remaining_time":170.1357443},
{"learn":[0.02676913247],"iteration":732,"passed_time":465.3252963,"remaining_time":169.4977546},
{"learn":[0.0267346596],"iteration":733,"passed_time":465.9365195,"remaining_time":168.854379},
{"learn":[0.02667973532],"iteration":734,"passed_time":466.5523708,"remaining_time":168.2127596},
{"learn":[0.02663118422],"iteration":735,"passed_time":467.1635115,"remaining_time":167.5695204},
{"learn":[0.02657743971],"iteration":736,"passed_time":467.7696322,"remaining_time":166.924577},
{"learn":[0.02655146458],"iteration":737,"passed_time":468.3734581,"remaining_time":166.2789242},
{"learn":[0.02652333369],"iteration":738,"passed_time":468.9842023,"remaining_time":165.6358279},
{"learn":[0.02649486912],"iteration":739,"passed_time":469.5912663,"remaining_time":164.991526},
{"learn":[0.02646460641],"iteration":740,"passed_time":470.2079596,"remaining_time":164.3506903},
{"learn":[0.02644638227],"iteration":741,"passed_time":470.8165647,"remaining_time":163.7071074},
{"learn":[0.0264197231],"iteration":742,"passed_time":471.4209084,"remaining_time":163.0621446},
{"learn":[0.02637860007],"iteration":743,"passed_time":472.0323185,"remaining_time":162.4197225},
{"learn":[0.0263095138],"iteration":744,"passed_time":472.645191,"remaining_time":161.7778842},
{"learn":[0.02626152938],"iteration":745,"passed_time":473.249644,"remaining_time":161.1332568},
{"learn":[0.02622340525],"iteration":746,"passed_time":473.8528951,"remaining_time":160.4883299},
{"learn":[0.02618334723],"iteration":747,"passed_time":474.4570081,"remaining_time":159.8438049},
{"learn":[0.02613818958],"iteration":748,"passed_time":475.0720011,"remaining_time":159.2030337},
{"learn":[0.02611669057],"iteration":749,"passed_time":475.712053,"remaining_time":158.5706843},
{"learn":[0.02607858933],"iteration":750,"passed_time":476.3287187,"remaining_time":157.9305605},
{"learn":[0.02604301021],"iteration":751,"passed_time":476.9359504,"remaining_time":157.2873879},
{"learn":[0.02598825827],"iteration":752,"passed_time":477.5460493,"remaining_time":156.6452512},
{"learn":[0.0259565279],"iteration":753,"passed_time":478.1603498,"remaining_time":156.0045704},
{"learn":[0.02589650026],"iteration":754,"passed_time":478.7936663,"remaining_time":155.3701301},
{"learn":[0.02588730548],"iteration":755,"passed_time":479.5858934,"remaining_time":154.7869815},
{"learn":[0.02583245825],"iteration":756,"passed_time":480.3920093,"remaining_time":154.2077388},
{"learn":[0.02580073885],"iteration":757,"passed_time":481.0324297,"remaining_time":153.5749974},
{"learn":[0.02571627573],"iteration":758,"passed_time":481.673503,"remaining_time":152.942443},
{"learn":[0.02564827603],"iteration":759,"passed_time":482.295395,"remaining_time":152.303809},
{"learn":[0.02558133653],"iteration":760,"passed_time":482.9056522,"remaining_time":151.6615649},
{"learn":[0.02553626001],"iteration":761,"passed_time":483.5071662,"remaining_time":151.0166739},
{"learn":[0.0254546722],"iteration":762,"passed_time":484.1240617,"remaining_time":150.3766745},
{"learn":[0.0254026494],"iteration":763,"passed_time":484.7415192,"remaining_time":149.7369091},
{"learn":[0.02536682672],"iteration":764,"passed_time":485.3659687,"remaining_time":149.0993498},
{"learn":[0.02532788054],"iteration":765,"passed_time":485.9758131,"remaining_time":148.4573633},
{"learn":[0.02529950679],"iteration":766,"passed_time":486.7442734,"remaining_time":147.863645},
{"learn":[0.02525966793],"iteration":767,"passed_time":487.5398769,"remaining_time":147.2776711},
{"learn":[0.02522166079],"iteration":768,"passed_time":488.3187138,"remaining_time":146.6861156},
{"learn":[0.02520115153],"iteration":769,"passed_time":488.9269565,"remaining_time":146.0431169},
{"learn":[0.02514744818],"iteration":770,"passed_time":489.5501127,"remaining_time":145.4046379},
{"learn":[0.02508262661],"iteration":771,"passed_time":490.1693614,"remaining_time":144.7650446},
{"learn":[0.02501492607],"iteration":772,"passed_time":490.7926986,"remaining_time":144.1267045},
{"learn":[0.02498711737],"iteration":773,"passed_time":491.4037739,"remaining_time":143.4848229},
{"learn":[0.02495241689],"iteration":774,"passed_time":492.0235696,"remaining_time":142.8455525},
{"learn":[0.02490293994],"iteration":775,"passed_time":492.6440323,"remaining_time":142.2065248},
{"learn":[0.02487915377],"iteration":776,"passed_time":493.2550653,"remaining_time":141.5648386},
{"learn":[0.02483796358],"iteration":777,"passed_time":493.873461,"remaining_time":140.9253321},
{"learn":[0.02479315472],"iteration":778,"passed_time":494.4798483,"remaining_time":140.282473},
{"learn":[0.0247684403],"iteration":779,"passed_time":495.1045163,"remaining_time":139.6448636},
{"learn":[0.02472419997],"iteration":780,"passed_time":495.7284362,"remaining_time":139.0070775},
{"learn":[0.02469863471],"iteration":781,"passed_time":496.3469128,"remaining_time":138.3678095},
{"learn":[0.02464276074],"iteration":782,"passed_time":496.9680183,"remaining_time":137.7293231},
{"learn":[0.02460227151],"iteration":783,"passed_time":497.6255634,"remaining_time":137.1009205},
{"learn":[0.02454318258],"iteration":784,"passed_time":498.2886228,"remaining_time":136.473954},
{"learn":[0.02447835994],"iteration":785,"passed_time":498.9256706,"remaining_time":135.8398136},
{"learn":[0.024425696],"iteration":786,"passed_time":499.5554497,"remaining_time":135.2036986},
{"learn":[0.02436720946],"iteration":787,"passed_time":500.1940414,"remaining_time":134.5699705},
{"learn":[0.02432651262],"iteration":788,"passed_time":500.8146441,"remaining_time":133.9314194},
{"learn":[0.02427703557],"iteration":789,"passed_time":501.4538007,"remaining_time":133.2978457},
{"learn":[0.0242246088],"iteration":790,"passed_time":502.0911863,"remaining_time":132.6637901},
{"learn":[0.02419449436],"iteration":791,"passed_time":502.7093025,"remaining_time":132.0246653},
{"learn":[0.02412199591],"iteration":792,"passed_time":503.3414401,"remaining_time":131.3892536},
{"learn":[0.02409761209],"iteration":793,"passed_time":503.9804463,"remaining_time":130.7556322},
{"learn":[0.02404691828],"iteration":794,"passed_time":504.615044,"remaining_time":130.1208604},
{"learn":[0.02400199977],"iteration":795,"passed_time":505.2484098,"remaining_time":129.4857734},
{"learn":[0.02394942101],"iteration":796,"passed_time":505.892078,"remaining_time":128.8533147},
{"learn":[0.02392626491],"iteration":797,"passed_time":506.5218806,"remaining_time":128.2173182},
{"learn":[0.02387438106],"iteration":798,"passed_time":507.1538282,"remaining_time":127.5818767},
{"learn":[0.02384789844],"iteration":799,"passed_time":507.7805233,"remaining_time":126.9451308},
{"learn":[0.02380297263],"iteration":800,"passed_time":508.4040215,"remaining_time":126.3076158},
{"learn":[0.02377593654],"iteration":801,"passed_time":509.0722499,"remaining_time":125.6811789},
{"learn":[0.02374535256],"iteration":802,"passed_time":509.6863014,"remaining_time":125.0413467},
{"learn":[0.02371882171],"iteration":803,"passed_time":510.2993006,"remaining_time":124.401322},
{"learn":[0.02368004436],"iteration":804,"passed_time":511.0091758,"remaining_time":123.7848314},
{"learn":[0.02364496772],"iteration":805,"passed_time":511.8365188,"remaining_time":123.1963829},
{"learn":[0.02360826095],"iteration":806,"passed_time":512.5068868,"remaining_time":122.5698007},
{"learn":[0.02356511351],"iteration":807,"passed_time":513.1147608,"remaining_time":121.92826},
{"learn":[0.02353700492],"iteration":808,"passed_time":513.7184285,"remaining_time":121.2858095},
{"learn":[0.02350256398],"iteration":809,"passed_time":514.3225909,"remaining_time":120.6435707},
{"learn":[0.02346680891],"iteration":810,"passed_time":514.9453455,"remaining_time":120.0057587},
{"learn":[0.02345015245],"iteration":811,"passed_time":515.5615939,"remaining_time":119.3664774},
{"learn":[0.02342023016],"iteration":812,"passed_time":516.170458,"remaining_time":118.7255543},
{"learn":[0.02339156034],"iteration":813,"passed_time":516.7766703,"remaining_time":118.084104},
{"learn":[0.02334959764],"iteration":814,"passed_time":517.3799069,"remaining_time":117.4420647},
{"learn":[0.02327882246],"iteration":815,"passed_time":517.9914279,"remaining_time":116.8019886},
{"learn":[0.02324747159],"iteration":816,"passed_time":518.6082567,"remaining_time":116.1631713},
{"learn":[0.02318660964],"iteration":817,"passed_time":519.328418,"remaining_time":115.5473986},
{"learn":[0.02314517946],"iteration":818,"passed_time":520.1626857,"remaining_time":114.9565887},
{"learn":[0.0231058783],"iteration":819,"passed_time":520.9849,"remaining_time":114.362539},
{"learn":[0.02307433184],"iteration":820,"passed_time":521.6111728,"remaining_time":113.7252131},
{"learn":[0.02301922889],"iteration":821,"passed_time":522.2309789,"remaining_time":113.0865137},
{"learn":[0.02298162827],"iteration":822,"passed_time":522.8409214,"remaining_time":112.4457389},
{"learn":[0.02294311854],"iteration":823,"passed_time":523.4578868,"remaining_time":111.8065389},
{"learn":[0.02286998561],"iteration":824,"passed_time":524.0800858,"remaining_time":111.1685031},
{"learn":[0.02284982516],"iteration":825,"passed_time":524.6960544,"remaining_time":110.5291931},
{"learn":[0.022828951],"iteration":826,"passed_time":525.3063138,"remaining_time":109.8887452},
{"learn":[0.0227879665],"iteration":827,"passed_time":525.9150705,"remaining_time":109.2480581},
{"learn":[0.0227467765],"iteration":828,"passed_time":526.5321045,"remaining_time":108.6091555},
{"learn":[0.02270660573],"iteration":829,"passed_time":527.1470044,"remaining_time":107.9698684},
{"learn":[0.02265785127],"iteration":830,"passed_time":527.7606627,"remaining_time":107.3303875},
{"learn":[0.02262807138],"iteration":831,"passed_time":528.3741376,"remaining_time":106.6909316},
{"learn":[0.02258420411],"iteration":832,"passed_time":528.9912128,"remaining_time":106.0522599},
{"learn":[0.02253568888],"iteration":833,"passed_time":529.620725,"remaining_time":105.4161155},
{"learn":[0.02249721238],"iteration":834,"passed_time":530.2352761,"remaining_time":104.7770306},
{"learn":[0.02246269598],"iteration":835,"passed_time":530.8902295,"remaining_time":104.1459302},
{"learn":[0.02241877575],"iteration":836,"passed_time":531.4995537,"remaining_time":103.5058868},
{"learn":[0.02238503214],"iteration":837,"passed_time":532.1341142,"remaining_time":102.8707954},
{"learn":[0.02234172504],"iteration":838,"passed_time":532.7551978,"remaining_time":102.233119},
{"learn":[0.02230130292],"iteration":839,"passed_time":533.3701682,"remaining_time":101.5943178},
{"learn":[0.02226764199],"iteration":840,"passed_time":533.9893787,"remaining_time":100.9563748},
{"learn":[0.02221726474],"iteration":841,"passed_time":534.6155346,"remaining_time":100.3197797},
{"learn":[0.02216621038],"iteration":842,"passed_time":535.2507573,"remaining_time":99.68489786},
{"learn":[0.02213220906],"iteration":843,"passed_time":535.8752984,"remaining_time":99.04804094},
{"learn":[0.02207607961],"iteration":844,"passed_time":536.506114,"remaining_time":98.41236411},
{"learn":[0.02202899303],"iteration":845,"passed_time":537.1164415,"remaining_time":97.77296926},
{"learn":[0.02198011209],"iteration":846,"passed_time":537.7271259,"remaining_time":97.13370751},
{"learn":[0.0219338456],"iteration":847,"passed_time":538.3523456,"remaining_time":96.49711855},
{"learn":[0.02189859023],"iteration":848,"passed_time":538.9806391,"remaining_time":95.86110307},
{"learn":[0.0218422798],"iteration":849,"passed_time":539.6072495,"remaining_time":95.22480873},
{"learn":[0.02181277972],"iteration":850,"passed_time":540.2331676,"remaining_time":94.58841595},
{"learn":[0.02177990038],"iteration":851,"passed_time":540.8645416,"remaining_time":93.9529955},
{"learn":[0.02176075391],"iteration":852,"passed_time":541.5087767,"remaining_time":93.31980092},
{"learn":[0.02172292275],"iteration":853,"passed_time":542.1765513,"remaining_time":92.69060479},
{"learn":[0.02169781294],"iteration":854,"passed_time":542.9656611,"remaining_time":92.08189573},
{"learn":[0.02167593722],"iteration":855,"passed_time":543.7849757,"remaining_time":91.47784638},
{"learn":[0.02163296749],"iteration":856,"passed_time":544.4065011,"remaining_time":90.84029131},
{"learn":[0.02159899637],"iteration":857,"passed_time":545.0302342,"remaining_time":90.20313899},
{"learn":[0.02157898969],"iteration":858,"passed_time":545.639835,"remaining_time":89.56369817},
{"learn":[0.0215660011],"iteration":859,"passed_time":546.2628849,"remaining_time":88.92651615},
{"learn":[0.02155382924],"iteration":860,"passed_time":546.8741958,"remaining_time":88.2874718},
{"learn":[0.02152491077],"iteration":861,"passed_time":547.4916258,"remaining_time":87.64947141},
{"learn":[0.02146803959],"iteration":862,"passed_time":548.1115171,"remaining_time":87.01190943},
{"learn":[0.02143253255],"iteration":863,"passed_time":548.7326128,"remaining_time":86.37457794},
{"learn":[0.02141685422],"iteration":864,"passed_time":549.3579551,"remaining_time":85.73794674},
{"learn":[0.02137614276],"iteration":865,"passed_time":549.9771755,"remaining_time":85.10039437},
{"learn":[0.02134218263],"iteration":866,"passed_time":550.5957923,"remaining_time":84.46279166},
{"learn":[0.02132316253],"iteration":867,"passed_time":551.2172517,"remaining_time":83.82566501},
{"learn":[0.02128637831],"iteration":868,"passed_time":551.9665777,"remaining_time":83.20785003},
{"learn":[0.02125357322],"iteration":869,"passed_time":552.8318951,"remaining_time":82.60706478},
{"learn":[0.02123521059],"iteration":870,"passed_time":553.5617877,"remaining_time":81.98561493},
{"learn":[0.02119068477],"iteration":871,"passed_time":554.1774633,"remaining_time":81.34715058},
{"learn":[0.02116361439],"iteration":872,"passed_time":554.8037039,"remaining_time":80.71027537},
{"learn":[0.02112759365],"iteration":873,"passed_time":555.4266008,"remaining_time":80.07294246},
{"learn":[0.02110772112],"iteration":874,"passed_time":556.0498466,"remaining_time":79.43569237},
{"learn":[0.02107166034],"iteration":875,"passed_time":556.6739205,"remaining_time":78.79859149},
{"learn":[0.02103924228],"iteration":876,"passed_time":557.2980136,"remaining_time":78.161523},
{"learn":[0.02099152513],"iteration":877,"passed_time":557.9292305,"remaining_time":77.52547395},
{"learn":[0.0209548563],"iteration":878,"passed_time":558.5480826,"remaining_time":76.88773379},
{"learn":[0.02092810568],"iteration":879,"passed_time":559.1641219,"remaining_time":76.24965299},
{"learn":[0.02088684862],"iteration":880,"passed_time":559.7857543,"remaining_time":75.61237771},
{"learn":[0.02085732688],"iteration":881,"passed_time":560.398641,"remaining_time":74.97396784},
{"learn":[0.02083425219],"iteration":882,"passed_time":561.0254119,"remaining_time":74.33745548},
{"learn":[0.02079510168],"iteration":883,"passed_time":561.6513064,"remaining_time":73.70085017},
{"learn":[0.02075950594],"iteration":884,"passed_time":562.2729052,"remaining_time":73.06371084},
{"learn":[0.02074504521],"iteration":885,"passed_time":562.8990828,"remaining_time":72.42719575},
{"learn":[0.02071903316],"iteration":886,"passed_time":563.55062,"remaining_time":71.79393468},
{"learn":[0.02067932691],"iteration":887,"passed_time":564.1882096,"remaining_time":71.15887328},
{"learn":[0.02064032016],"iteration":888,"passed_time":564.8103753,"remaining_time":70.52188038},
{"learn":[0.02059985713],"iteration":889,"passed_time":565.4335015,"remaining_time":69.88503951},
{"learn":[0.02055241269],"iteration":890,"passed_time":566.0725495,"remaining_time":69.25017721},
{"learn":[0.02052524428],"iteration":891,"passed_time":566.6929988,"remaining_time":68.61305367},
{"learn":[0.02049238404],"iteration":892,"passed_time":567.3054892,"remaining_time":67.97501383},
{"learn":[0.02047527988],"iteration":893,"passed_time":567.9192315,"remaining_time":67.33717957},
{"learn":[0.02044745632],"iteration":894,"passed_time":568.5471715,"remaining_time":66.70106481},
{"learn":[0.02039655297],"iteration":895,"passed_time":569.1829333,"remaining_time":66.06587619},
{"learn":[0.02037977022],"iteration":896,"passed_time":569.8072734,"remaining_time":65.42937476},
{"learn":[0.02035711202],"iteration":897,"passed_time":570.4279111,"remaining_time":64.79247988},
{"learn":[0.02033719495],"iteration":898,"passed_time":571.0448539,"remaining_time":64.15520605},
{"learn":[0.02031630465],"iteration":899,"passed_time":571.6702715,"remaining_time":63.51891906},
{"learn":[0.02027495317],"iteration":900,"passed_time":572.3225823,"remaining_time":62.88561116},
{"learn":[0.02023159384],"iteration":901,"passed_time":572.9480286,"remaining_time":62.24934236},
{"learn":[0.02020964258],"iteration":902,"passed_time":573.5722787,"remaining_time":61.61296903},
{"learn":[0.02019908235],"iteration":903,"passed_time":574.2287375,"remaining_time":60.98004292},
{"learn":[0.02015594103],"iteration":904,"passed_time":575.0690987,"remaining_time":60.36636947},
{"learn":[0.02010834961],"iteration":905,"passed_time":575.8259661,"remaining_time":59.74353291},
{"learn":[0.02006766378],"iteration":906,"passed_time":576.4496334,"remaining_time":59.106743},
{"learn":[0.02002915311],"iteration":907,"passed_time":577.0680397,"remaining_time":58.46944895},
{"learn":[0.02000052329],"iteration":908,"passed_time":577.6928471,"remaining_time":57.83283728},
{"learn":[0.01994930885],"iteration":909,"passed_time":578.3207252,"remaining_time":57.19655524},
{"learn":[0.01992286637],"iteration":910,"passed_time":578.9409208,"remaining_time":56.55954111},
{"learn":[0.01989209856],"iteration":911,"passed_time":579.5701288,"remaining_time":55.92343348},
{"learn":[0.01986439972],"iteration":912,"passed_time":580.1951038,"remaining_time":55.2869376},
{"learn":[0.01982273377],"iteration":913,"passed_time":580.8149841,"remaining_time":54.64998756},
{"learn":[0.01978636019],"iteration":914,"passed_time":581.4317697,"remaining_time":54.01278735},
{"learn":[0.01976657028],"iteration":915,"passed_time":582.0442447,"remaining_time":53.37523641},
{"learn":[0.01973496717],"iteration":916,"passed_time":582.656234,"remaining_time":52.73769621},
{"learn":[0.01969239694],"iteration":917,"passed_time":583.2752629,"remaining_time":52.10084047},
{"learn":[0.01963959651],"iteration":918,"passed_time":584.0061745,"remaining_time":51.4738848},
{"learn":[0.01960226011],"iteration":919,"passed_time":584.8434159,"remaining_time":50.85594921},
{"learn":[0.0195792897],"iteration":920,"passed_time":585.6670753,"remaining_time":50.23637236},
{"learn":[0.0195448544],"iteration":921,"passed_time":586.3162215,"remaining_time":49.60158924},
{"learn":[0.01950430711],"iteration":922,"passed_time":586.9361448,"remaining_time":48.96433711},
{"learn":[0.01946954924],"iteration":923,"passed_time":587.5572957,"remaining_time":48.32722346},
{"learn":[0.01943105039],"iteration":924,"passed_time":588.1719255,"remaining_time":47.68961558},
{"learn":[0.01938988819],"iteration":925,"passed_time":588.7931285,"remaining_time":47.05258262},
{"learn":[0.01936185791],"iteration":926,"passed_time":589.4120399,"remaining_time":46.41540336},
{"learn":[0.01934665703],"iteration":927,"passed_time":590.0226282,"remaining_time":45.77761771},
{"learn":[0.01931484669],"iteration":928,"passed_time":590.6392549,"remaining_time":45.1403521},
{"learn":[0.01928119929],"iteration":929,"passed_time":591.2697636,"remaining_time":44.50417576},
{"learn":[0.01925014869],"iteration":930,"passed_time":591.9001425,"remaining_time":43.86800197},
{"learn":[0.01921832546],"iteration":931,"passed_time":592.5255883,"remaining_time":43.23148069},
{"learn":[0.01918327615],"iteration":932,"passed_time":593.1404928,"remaining_time":42.59422617},
{"learn":[0.01917087935],"iteration":933,"passed_time":593.7486894,"remaining_time":41.95654551},
{"learn":[0.01912685018],"iteration":934,"passed_time":594.3675008,"remaining_time":41.31966583},
{"learn":[0.01908524813],"iteration":935,"passed_time":594.999971,"remaining_time":40.6837587},
{"learn":[0.0190582756],"iteration":936,"passed_time":595.6182725,"remaining_time":40.04690627},
{"learn":[0.01902376796],"iteration":937,"passed_time":596.2400996,"remaining_time":39.41032641},
{"learn":[0.01896971956],"iteration":938,"passed_time":596.8998112,"remaining_time":38.77623907},
{"learn":[0.01894343375],"iteration":939,"passed_time":597.516894,"remaining_time":38.13937621},
{"learn":[0.01890561032],"iteration":940,"passed_time":598.1343674,"remaining_time":37.50257989},
{"learn":[0.0188777248],"iteration":941,"passed_time":598.7365893,"remaining_time":36.86488554},
{"learn":[0.01884345618],"iteration":942,"passed_time":599.3553031,"remaining_time":36.22826328},
{"learn":[0.01879320491],"iteration":943,"passed_time":599.9748553,"remaining_time":35.59172871},
{"learn":[0.01877265441],"iteration":944,"passed_time":600.5904914,"remaining_time":34.95500215},
{"learn":[0.01872560958],"iteration":945,"passed_time":601.2033917,"remaining_time":34.31816401},
{"learn":[0.018706144],"iteration":946,"passed_time":601.8173072,"remaining_time":33.68143324},
{"learn":[0.01867833621],"iteration":947,"passed_time":602.4269507,"remaining_time":33.04451628},
{"learn":[0.01864007284],"iteration":948,"passed_time":603.0370673,"remaining_time":32.40768223},
{"learn":[0.01862286853],"iteration":949,"passed_time":603.6502285,"remaining_time":31.77106466},
{"learn":[0.01857749631],"iteration":950,"passed_time":604.2713552,"remaining_time":31.13490684},
{"learn":[0.01856458445],"iteration":951,"passed_time":604.8811897,"remaining_time":30.49821125},
{"learn":[0.01852388006],"iteration":952,"passed_time":605.5014526,"remaining_time":29.86208633},
{"learn":[0.01849928243],"iteration":953,"passed_time":606.1920161,"remaining_time":29.22938442},
{"learn":[0.01846031806],"iteration":954,"passed_time":607.0178513,"remaining_time":28.6029354},
{"learn":[0.01843601082],"iteration":955,"passed_time":607.7434668,"remaining_time":27.97145663},
{"learn":[0.01840511518],"iteration":956,"passed_time":608.3543497,"remaining_time":27.33462595},
{"learn":[0.01836297187],"iteration":957,"passed_time":608.9641029,"remaining_time":26.69779992},
{"learn":[0.01833460423],"iteration":958,"passed_time":609.5715059,"remaining_time":26.06092987},
{"learn":[0.01831437103],"iteration":959,"passed_time":610.180163,"remaining_time":25.42417346},
{"learn":[0.01829095997],"iteration":960,"passed_time":610.7960893,"remaining_time":24.78777053},
{"learn":[0.01826580641],"iteration":961,"passed_time":611.4089929,"remaining_time":24.15129078},
{"learn":[0.0182424549],"iteration":962,"passed_time":612.0242711,"remaining_time":23.51495122},
{"learn":[0.01823021931],"iteration":963,"passed_time":612.6369647,"remaining_time":22.87855885},
{"learn":[0.01820338515],"iteration":964,"passed_time":613.2489539,"remaining_time":22.24219004},
{"learn":[0.01816791271],"iteration":965,"passed_time":613.8693308,"remaining_time":21.60616692},
{"learn":[0.01815384121],"iteration":966,"passed_time":614.4769852,"remaining_time":20.969742},
{"learn":[0.01812181195],"iteration":967,"passed_time":615.094436,"remaining_time":20.33370037},
{"learn":[0.01808005045],"iteration":968,"passed_time":615.7164254,"remaining_time":19.6978423},
{"learn":[0.01804655511],"iteration":969,"passed_time":616.444909,"remaining_time":19.06530646},
{"learn":[0.0180119888],"iteration":970,"passed_time":617.2540907,"remaining_time":18.43498314},
{"learn":[0.01799051245],"iteration":971,"passed_time":618.0161333,"remaining_time":17.80293388},
{"learn":[0.01795604572],"iteration":972,"passed_time":618.6745511,"remaining_time":17.16774191},
{"learn":[0.01794571521],"iteration":973,"passed_time":619.2963964,"remaining_time":16.53152598},
{"learn":[0.01792284315],"iteration":974,"passed_time":619.9149568,"remaining_time":15.8952553},
{"learn":[0.01791259649],"iteration":975,"passed_time":620.5302237,"remaining_time":15.25893993},
{"learn":[0.01788519007],"iteration":976,"passed_time":621.1422039,"remaining_time":14.62259027},
{"learn":[0.01786142573],"iteration":977,"passed_time":621.757372,"remaining_time":13.98636215},
{"learn":[0.01783128921],"iteration":978,"passed_time":622.3701444,"remaining_time":13.35012567},
{"learn":[0.01779832776],"iteration":979,"passed_time":622.9849618,"remaining_time":12.71397881},
{"learn":[0.01777578369],"iteration":980,"passed_time":623.6044276,"remaining_time":12.07796547},
{"learn":[0.01773000636],"iteration":981,"passed_time":624.2242781,"remaining_time":11.44199288},
{"learn":[0.0177047263],"iteration":982,"passed_time":624.8380482,"remaining_time":10.80594793},
{"learn":[0.01768544497],"iteration":983,"passed_time":625.4464865,"remaining_time":10.16986157},
{"learn":[0.01764410093],"iteration":984,"passed_time":626.0688688,"remaining_time":9.534043688},
{"learn":[0.0176227381],"iteration":985,"passed_time":626.6688897,"remaining_time":8.897935554},
{"learn":[0.01760496883],"iteration":986,"passed_time":627.2759095,"remaining_time":8.261992729},
{"learn":[0.01757919565],"iteration":987,"passed_time":627.8823705,"remaining_time":7.626101666},
{"learn":[0.01753998937],"iteration":988,"passed_time":628.494565,"remaining_time":6.990333888},
{"learn":[0.01751348631],"iteration":989,"passed_time":629.1012484,"remaining_time":6.354558065},
{"learn":[0.01748885354],"iteration":990,"passed_time":629.7464022,"remaining_time":5.719190333},
{"learn":[0.01745888924],"iteration":991,"passed_time":630.3517149,"remaining_time":5.083481572},
{"learn":[0.01743456356],"iteration":992,"passed_time":630.9570813,"remaining_time":4.44783441},
{"learn":[0.01740752491],"iteration":993,"passed_time":631.5660348,"remaining_time":3.812269828},
{"learn":[0.01738832793],"iteration":994,"passed_time":632.1876244,"remaining_time":3.176822233},
{"learn":[0.01736811043],"iteration":995,"passed_time":632.7966911,"remaining_time":2.541352173},
{"learn":[0.01735691084],"iteration":996,"passed_time":633.3978469,"remaining_time":1.905911275},
{"learn":[0.0173344976],"iteration":997,"passed_time":634.0085515,"remaining_time":1.270558219},
{"learn":[0.01730174221],"iteration":998,"passed_time":634.6228828,"remaining_time":0.635258141},
{"learn":[0.01727599732],"iteration":999,"passed_time":635.2298084,"remaining_time":0}
]}