{"ongoing_trials": {}, "hyperparameters": {"space": [{"class_name": "Boolean", "config": {"name": "structured_data_block_1/normalize", "default": false, "conditions": []}}, {"class_name": "Boolean", "config": {"name": "structured_data_block_1/dense_block_1/use_batchnorm", "default": false, "conditions": []}}, {"class_name": "Choice", "config": {"name": "structured_data_block_1/dense_block_1/num_layers", "default": 2, "conditions": [], "values": [1, 2, 3], "ordered": true}}, {"class_name": "Choice", "config": {"name": "structured_data_block_1/dense_block_1/units_0", "default": 32, "conditions": [], "values": [16, 32, 64, 128, 256, 512, 1024], "ordered": true}}, {"class_name": "Choice", "config": {"name": "structured_data_block_1/dense_block_1/dropout", "default": 0.0, "conditions": [], "values": [0.0, 0.25, 0.5], "ordered": true}}, {"class_name": "Choice", "config": {"name": "structured_data_block_1/dense_block_1/units_1", "default": 32, "conditions": [], "values": [16, 32, 64, 128, 256, 512, 1024], "ordered": true}}, {"class_name": "Choice", "config": {"name": "classification_head_1/dropout", "default": 0, "conditions": [], "values": [0.0, 0.25, 0.5], "ordered": true}}, {"class_name": "Choice", "config": {"name": "optimizer", "default": "adam", "conditions": [], "values": ["adam", "sgd", "adam_weight_decay"], "ordered": false}}, {"class_name": "Choice", "config": {"name": "learning_rate", "default": 0.001, "conditions": [], "values": [0.1, 0.01, 0.001, 0.0001, 2e-05, 1e-05], "ordered": true}}, {"class_name": "Choice", "config": {"name": "structured_data_block_1/dense_block_1/units_2", "default": 32, "conditions": [], "values": [16, 32, 64, 128, 256, 512, 1024], "ordered": true}}], "values": {"structured_data_block_1/normalize": false, "structured_data_block_1/dense_block_1/use_batchnorm": false, "structured_data_block_1/dense_block_1/num_layers": 2, "structured_data_block_1/dense_block_1/units_0": 32, "structured_data_block_1/dense_block_1/dropout": 0.0, "structured_data_block_1/dense_block_1/units_1": 32, "classification_head_1/dropout": 0, "optimizer": "adam", "learning_rate": 0.001, "structured_data_block_1/dense_block_1/units_2": 32}}, "seed": 7209, "seed_state": 7272, "tried_so_far": ["1385e0917fe08c639301f22ccaac55d5", "5171241993006433df2c8cf7e9d85570", "41cdaad47d08caf139200a75eb5afd56", "d858a039da05751eb93e9a21916bea85", "f4eafadc4575d03211ca17fc82d0c125", "9b8da948225fac1fbe1e7c8ab07671ee", "ef3ceafc9969490dbd923ba4010f96f3", "4f71cf3a161dc3a1d9278b032c08fd83", "57fca95571d44b23ccb17ec786f98651", "6ae3d9dd93a2eff2c8e8e3b5c54b6698", "951fae50a7e10a085307a5a21dd1bf35", "f8da21475d808cecb0bb62bf971eb34c", "1e4442639aa8c422718e720ffcfc5ab3", "b293adbecccc649058e1f5a4ca5a393f", "7f03f80172e594e5ee17e457983f1c94", "74e63c8d55c0f8ce2639fa20b3681ec6", "d2484f8dbc09c24f5522edb71b16f438", "4b4eaef0440eb5c3f4317f56b701588f", "d37c9518913dee4fba755fc97fed92c7", "0328f810e0d73b07f185db4cb8d17e25", "7f006f1e9a1e023436ccfb6df276ba9d", "690fcc589ab306c95e10641893aa4c8f", "246e4e424b1976ef1ec23500e76d35d3", "88417273b099b5fa5c56fcc20b610c0c", "2f846d192befee29142726d52321167d", "10a45060bc28819758e789e7f9765d33", "9a815a9b6f1265410cce36d7c354222b"], "initial_hps": [{"structured_data_block_1/normalize": true, "structured_data_block_1/dense_block_1/num_layers": 2, "structured_data_block_1/dense_block_1/use_batchnorm": false, "structured_data_block_1/dense_block_1/dropout": 0, "structured_data_block_1/dense_block_1/units_0": 32, "structured_data_block_1/dense_block_1/units_1": 32, "classification_head_1/dropout": 0.0, "optimizer": "adam", "learning_rate": 0.001}], "tried_initial_hps": [true]}