{"ongoing_trials": {}, "hyperparameters": {"space": [{"class_name": "Boolean", "config": {"name": "structured_data_block_1/normalize", "default": false, "conditions": []}}, {"class_name": "Boolean", "config": {"name": "structured_data_block_1/dense_block_1/use_batchnorm", "default": false, "conditions": []}}, {"class_name": "Choice", "config": {"name": "structured_data_block_1/dense_block_1/num_layers", "default": 2, "conditions": [], "values": [1, 2, 3], "ordered": true}}, {"class_name": "Choice", "config": {"name": "structured_data_block_1/dense_block_1/units_0", "default": 32, "conditions": [], "values": [16, 32, 64, 128, 256, 512, 1024], "ordered": true}}, {"class_name": "Choice", "config": {"name": "structured_data_block_1/dense_block_1/dropout", "default": 0.0, "conditions": [], "values": [0.0, 0.25, 0.5], "ordered": true}}, {"class_name": "Choice", "config": {"name": "structured_data_block_1/dense_block_1/units_1", "default": 32, "conditions": [], "values": [16, 32, 64, 128, 256, 512, 1024], "ordered": true}}, {"class_name": "Choice", "config": {"name": "classification_head_1/dropout", "default": 0, "conditions": [], "values": [0.0, 0.25, 0.5], "ordered": true}}, {"class_name": "Choice", "config": {"name": "optimizer", "default": "adam", "conditions": [], "values": ["adam", "sgd", "adam_weight_decay"], "ordered": false}}, {"class_name": "Choice", "config": {"name": "learning_rate", "default": 0.001, "conditions": [], "values": [0.1, 0.01, 0.001, 0.0001, 2e-05, 1e-05], "ordered": true}}, {"class_name": "Choice", "config": {"name": "structured_data_block_1/dense_block_1/units_2", "default": 32, "conditions": [], "values": [16, 32, 64, 128, 256, 512, 1024], "ordered": true}}], "values": {"structured_data_block_1/normalize": false, "structured_data_block_1/dense_block_1/use_batchnorm": false, "structured_data_block_1/dense_block_1/num_layers": 2, "structured_data_block_1/dense_block_1/units_0": 32, "structured_data_block_1/dense_block_1/dropout": 0.0, "structured_data_block_1/dense_block_1/units_1": 32, "classification_head_1/dropout": 0, "optimizer": "adam", "learning_rate": 0.001, "structured_data_block_1/dense_block_1/units_2": 32}}, "seed": 9534, "seed_state": 9620, "tried_so_far": ["20c54edd2e3b67a50e9f7b83e42ac06b", "709d1b460af6fd01f8b3c94656be618b", "a9134c6709c40f4e831da24012b7c6f4", "19d795f6e7dcec734396b97b2b4c43ee", "7e4913292597e5f5aa132a6b96b9430f", "66f9ed7af8a1653a5846d41f3dbd8d84", "db549354d0c3420b3ad93445db965428", "db90df64e725424a42d2e388e9d7f71c", "2e559d0eac2b55c010c1baa26faf3050", "0e404373de856e43c6c12900e79eb5c1", "ce3af9a922537b78d7b0af9f72799a4c", "6aecf050466b0d34eb0ab9dafa7d689d", "fb040d2cadcd17be3e1a7b548a17fe25", "57fbcf4a83e1271a5004dfc25e682612", "d858a039da05751eb93e9a21916bea85", "7c62a568abc50f5eec78f6c50525fb5a", "2a1539c150b45588271f17600e588d45", "53a5b19b082a42bff676b6f645643b7d", "cb3e0a6fa7a2871954591488a4751d71", "610d6a525ed6339a4c080c680c7a0e61", "8fdcf4514a4006b71d306428fe4ba5b5", "b1e8ea881998af493eda9fa1d9ff152d", "f4eafadc4575d03211ca17fc82d0c125", "0591850ad7e0c7354e1d670813ee28e4", "6fd0dce419484121c5608e7f252c25dd", "b4497b53419d7b50aaa716a9e6a38b10", "10a45060bc28819758e789e7f9765d33"], "initial_hps": [{"structured_data_block_1/normalize": true, "structured_data_block_1/dense_block_1/num_layers": 2, "structured_data_block_1/dense_block_1/use_batchnorm": false, "structured_data_block_1/dense_block_1/dropout": 0, "structured_data_block_1/dense_block_1/units_0": 32, "structured_data_block_1/dense_block_1/units_1": 32, "classification_head_1/dropout": 0.0, "optimizer": "adam", "learning_rate": 0.001}], "tried_initial_hps": [true]}